node_id,x,y,z
eykz,-186,-789,322
fahh,-796,708,-63
bmpb,690,-846,-502
pqeo,78,272,714
dmpv,715,522,822
wagv,403,972,948
rezw,21,97,-460
dnsb,858,167,-27
gyru,693,-667,726
xczx,133,-483,-777
rnnz,136,963,192
hrjc,547,152,566
yahw,243,-833,650
ysgt,492,198,-548
cnqv,-6,-834,-691
oeof,437,652,-221
ggyu,204,-373,-10
ucbn,-639,853,-895
qtgk,-155,487,-575
rcla,605,397,-948
hphg,-532,995,47
xmpe,-492,676,-617
yijk,-574,744,-318
raex,62,-818,-765
bjti,-171,-392,164
ljyo,375,-391,97
lbce,870,-570,156
nrku,-307,-50,187
ppko,656,120,122
qszj,-328,701,331
rqva,786,-812,869
ppge,-735,-547,-207
owky,-447,399,-271
ziot,-269,-568,-727
kbsm,896,821,573
ijen,-494,-357,-757
tlav,496,-639,154
hpru,7,398,767
yljx,489,-160,-291
pzfj,188,-194,-223
hzsm,881,-862,-795
rlmp,880,-166,993
tdig,679,878,685
zouh,-186,-892,-764
gqco,724,-117,-3
engb,569,769,-232
vbhw,725,-113,-342
nluk,-319,-916,-338
pywa,-172,-690,-872
nyta,-236,-678,444
usfk,722,-356,895
sxud,925,-958,494
hhbf,-102,-3,821
gzbx,114,143,821
yhss,870,161,-759
wjer,932,535,567
puhd,-459,-756,-771
reig,-44,-363,110
mtuj,826,-827,-220
eddf,118,-962,26
hvmv,-583,982,-172
nsvg,-897,439,468
joxd,-936,-795,40
ufdi,-253,90,-117
pvvq,306,-701,403
debx,-620,412,305
pgps,974,-113,735
liyn,805,-276,-905
bfda,519,265,-244
vnyf,-368,-659,999
mhte,-549,-414,-749
outk,608,-640,143
xvth,-277,683,929
hctg,-61,-744,824
qaac,130,864,-127
eatz,579,-498,-324
yhye,-371,-342,995
klaa,420,45,931
rccz,-48,-633,-221
nitc,387,857,864
tkkd,-298,-794,-776
itxg,965,922,375
sfyx,834,357,430
bewh,-272,-727,134
wvhy,-132,561,-670
ryhg,-937,-437,894
abuu,444,-357,152
usro,31,-442,240
pfbo,-116,-151,168
xbxe,-955,-903,595
qyme,526,661,-374
cksx,177,-790,696
feyd,782,-222,-651
yhnw,799,-634,-754
jcgv,-538,205,-408
ihhx,-944,489,694
njvm,-808,506,266
wfum,254,-891,969
wkcr,674,784,306
tfsk,291,48,870
qkka,651,-430,-894
jijm,53,959,740
iwfl,-274,824,205
lofh,-688,-414,893
epbv,-874,-290,681
oxtx,526,66,-87
ipgj,578,613,213
stca,-843,-751,-78
gojl,-376,566,767
czcj,552,-828,-147
iyna,697,510,-288
squq,-658,343,-34
rcgp,-343,749,-20
iouc,347,433,-906
gnke,-287,914,512
uvqz,965,-483,-251
rueb,-216,-898,-870
iqkj,-166,330,-178
shmn,-908,566,-797
glxe,-547,-855,466
qoll,877,-845,148
lans,884,327,204
khuj,-773,467,-549
usyh,-877,-106,36
hiiz,586,624,420
ngwd,500,144,-77
nilc,-43,-120,-908
pkqr,-322,456,153
uiga,485,521,829
rhpb,-139,272,454
jewl,-37,908,-631
kyrh,-741,623,631
njvi,-930,-4,169
ilhe,-573,91,-73
jpct,135,357,214
xsva,-50,-795,528
mgke,756,464,-91
dwip,495,-33,204
ejdv,3,-489,-702
qrna,-199,218,849
vhru,929,-707,-1000
nvgj,-184,-901,-786
btql,-508,967,538
iady,772,130,212
nsib,-904,353,-967
mwrx,693,-703,722
dpyc,-988,602,655
jvkb,565,745,849
lfgz,-523,154,-41
nbxh,724,-448,992
vkfn,-718,364,847
rspk,207,363,-89
tyjv,297,273,370
pmde,-783,-219,-979
yxeq,-690,746,-404
vcgs,721,371,-246
kzed,-268,-613,-474
dubs,760,-665,-148
kbiz,-114,723,-793
rcod,-845,724,336
xthv,-378,178,-639
wsam,-179,317,405
efwn,983,-545,-295
soqo,691,-985,-847
wttd,580,784,883
omxk,-923,-117,374
bxus,-311,-831,-530
baxc,216,111,-132
pyok,-354,618,604
ykpc,-930,-929,608
ndxe,255,374,354
wouf,-938,-704,-440
vhut,-812,178,-26
aclr,160,-450,-227
xjbi,-55,-98,439
hrdm,512,729,904
njqk,-153,590,787
rzsb,-898,384,754
wkix,-199,100,466
kssr,-529,-250,402
mjfp,-49,-451,362
lgph,-827,738,358
jopm,-187,-819,448
bako,-850,-822,108
yylg,-123,-87,504
nced,780,16,113
hpen,206,338,-776
hobg,-61,226,-481
cywk,-902,-293,-56
gahm,727,340,707
pxdj,-718,568,717
szml,-47,-822,-186
ylip,332,35,-781
nxob,743,-364,776
rlih,-869,-967,-273
agfa,-938,8,-773
hxrp,894,229,177
iqae,290,306,943
iokr,874,-368,906
ksdw,-215,-195,505
ytgc,226,386,483
otwg,296,272,586
qwvx,-668,585,980
siep,986,-22,294
hlby,879,-132,-562
yevg,561,-542,-599
wtbj,48,72,-231
tvte,198,-613,764
nkgs,243,399,442
powi,-621,-713,35
amkr,144,-620,949
mxsj,-882,-639,-540
jsnj,-786,278,141
kpyi,132,-148,649
bxjr,-561,-249,265
ybyr,-155,700,989
omdx,-142,85,-439
dnpk,-141,904,554
bvab,-381,-158,994
ddvt,571,-647,643
papi,288,464,855
etut,453,-534,-782
zcih,650,-639,-523
jzva,-975,-961,-733
jacd,-851,744,336
ssca,-395,-864,-498
vrlp,325,821,252
saki,372,492,-887
trir,-829,-983,479
qucn,388,266,-717
dzgi,616,167,-806
uiuj,-92,972,464
vfkl,136,538,-984
nuqa,282,-475,540
lqiz,-699,291,-117
exai,-687,-950,-875
vqhf,789,-48,105
ohoc,-893,589,-419
rpgn,-348,765,-52
ulch,222,-163,920
jvrq,-130,-411,-221
fsjj,569,903,-326
mzzv,-553,412,937
wanc,742,-180,-27
coos,425,-855,482
inaq,376,-271,-481
zznp,-532,-743,-284
mkoj,859,-136,141
acxx,-92,-907,243
mnqj,456,237,-232
yktz,452,800,230
isfa,-746,374,454
gvil,-452,544,398
cryl,530,-23,-753
sawi,775,53,555
yogl,918,-92,297
vlwq,17,345,104
eyda,516,-57,-637
kzjv,-472,683,518
axoh,283,48,-973
cqwd,977,790,-851
fbcc,326,-124,573
iuaf,-143,-139,-328
livd,552,472,20
ibtq,-364,-208,-90
ikew,646,-823,302
figv,-187,730,425
eqzb,-821,345,-770
fwyh,608,612,-913
fboy,-425,6,-755
ewop,-26,122,746
crus,-881,-565,805
lszz,968,949,-866
yibs,37,359,-173
tmpv,399,665,-130
zyte,128,612,814
tuwq,-335,-362,462
ypar,-462,741,-7
azow,965,993,310
hdgh,-470,-325,186
mwuf,496,921,429
komy,787,348,676
nmvl,-523,-113,298
wgpp,-703,-867,-172
wwwn,782,810,-111
ztpa,-387,266,297
eeyv,70,921,862
qrvg,215,422,-309
wvvn,-719,-482,652
odhl,7,573,543
cefb,620,238,-231
gldf,-281,802,638
ymor,-518,-210,734
srvs,260,106,95
dqve,-92,222,272
yneo,255,915,746
ppco,-300,-451,-840
ttkp,-994,254,-637
ekgh,537,-582,591
qjzh,-898,-900,833
ezgl,-923,-148,614
cenj,-762,-376,-836
mxal,337,-168,520
xxoz,345,-524,-485
vycz,-652,977,-828
uhsq,-257,-844,-883
lofv,111,-271,889
hrdo,751,882,-841
tuhz,-659,538,235
onzp,721,-478,-23
fvjv,-817,-709,364
byvn,892,-175,232
olcd,107,147,-607
napg,-490,218,-324
bxcy,962,530,-996
stxh,49,311,-297
kadb,303,873,26
anxr,527,-677,-391
pkyk,-602,260,-4
wcpk,-128,66,111
robx,740,-182,793
kwcy,-756,-984,-746
uoet,-619,957,-121
hcul,-278,-5,755
vynr,-148,-976,-334
uxkq,-567,584,542
zloj,354,805,-618
ussb,-947,-319,-275
uwpn,-574,52,191
gfnq,371,-795,595
mppy,-74,-616,753
xcbz,-365,150,-309
imgp,736,933,233
mdck,-918,-833,814
apum,-70,-204,54
tend,-196,-817,904
apux,-199,914,917
rxrk,-658,71,620
bzmv,76,355,-317
arbg,633,-604,602
ztnq,-537,-929,648
ddry,426,636,-858
cqcl,947,935,191
hvtc,848,183,-631
dodp,743,308,-818
ofgk,-549,-815,-539
nhbi,184,-991,-623
wyxr,413,-581,684
risk,408,-196,-321
qmdh,12,-88,-692
upcy,655,-648,321
mcqy,-420,795,-766
dthv,543,-980,-596
tzei,-574,123,666
ccok,-417,145,246
sqsh,-975,113,-28
ccpu,167,-821,830
gemp,-628,390,-527
nwfl,243,133,-169
uemc,-943,192,-488
ewav,525,-661,671
xfuf,595,-748,-640
cvum,-347,199,-724
llis,365,-876,686
sgbe,-87,-825,-893
tlyg,50,734,-168
hjbx,-948,702,-176
fgtd,165,178,555
dldf,837,733,887
xnna,680,576,-366
bdyr,-729,189,-844
wsda,-185,-610,626
lvmk,-828,-528,471
mdit,883,245,570
oetq,-789,-167,692
ccco,-207,-603,530
oyqb,833,151,604
ttdg,14,-602,-854
llsh,-123,749,70
ukgi,-502,-13,326
dqut,417,-192,-11
dyim,457,171,188
ghbg,-360,-12,477
zxar,614,-139,604
psir,-858,636,821
ohhf,969,-455,472
olzv,-494,-771,186
visz,-176,435,778
thay,-932,-194,-773
krfs,579,-250,-772
xdjo,-247,991,-485
eeom,-883,338,-823
alko,-638,327,144
oafj,770,-259,-614
nrfk,444,117,61
hmxr,371,182,-807
fife,860,791,716
hvug,757,-154,-584
nsfh,-726,-633,-645
pswi,-998,-727,737
cwpv,11,-823,837
ebve,989,973,886
ocnk,35,123,433
irjw,-134,-39,393
pstr,951,820,-776
rvrs,-548,87,468
ckll,261,-989,283
cdqe,283,-782,-285
aejw,381,-656,90
tkok,187,245,692
tqyu,-767,-847,402
xres,-943,-358,351
nlff,923,629,772
dmkb,153,-466,-336
heug,-575,352,667
yqqa,-232,-425,-700
hgjh,965,350,987
qscz,-130,231,-919
bxcf,-118,-700,223
assi,537,460,290
zynd,-561,-631,-246
dfnt,-247,789,449
xwep,-151,-65,-36
rbvs,-392,-228,940
jmpt,682,-327,-793
inai,-919,-452,8
eyup,-676,-305,544
rtex,-375,-975,364
pejk,114,-2,301
mmfg,-440,832,470
qrug,580,54,-214
icev,-242,594,430
ljwg,444,367,941
chmh,28,-651,-218
ynkl,410,702,741
xwwa,90,220,195
unuj,231,590,-789
wrmm,657,-181,-636
awvx,-939,-26,-427
bcpj,684,-573,206
skxg,487,-432,397
dkmk,-169,-193,779
ovbj,998,-570,347
oucb,-596,-333,-127
dvac,-530,672,-407
vblz,755,611,-897
sucw,871,-834,652
elfj,-623,605,-825
kigj,872,510,865
ldxy,0,-677,-580
mfxq,-921,236,-445
ppzi,673,151,-93
rboe,-208,-188,-506
uake,-106,356,-27
rdgs,-524,928,789
edrb,928,-178,-530
fwvv,578,583,-5
byee,578,480,-105
tsce,289,-315,421
brzt,-963,-97,-397
fzpb,193,-922,704
ppaa,-981,-413,-715
ryqr,-80,662,62
mzuc,913,-69,-641
pwyv,518,-796,-610
takn,673,-288,752
qkyo,-802,-610,-800
sbhc,-216,937,-540
ulsw,-136,796,-211
zkaw,874,645,-946
xdoi,562,906,667
gtiv,-497,153,852
wehl,964,-9,855
vfds,-26,106,491
icdr,218,246,399
buxp,-513,167,-433
cevs,772,-542,475
eehk,-922,-779,-581
ovoy,575,-430,-669
glnd,-703,-489,286
wapa,154,559,476
dzke,-644,987,-572
fbax,-605,-610,-280
lkbh,993,689,-478
rgzl,-881,203,764
jtok,-168,618,233
jazz,393,-947,-113
rwhj,153,886,584
zcjn,788,-975,-388
mcjt,581,-116,978
vksq,580,-524,-170
tzuw,299,-827,633
vibq,967,496,95
iraf,-86,567,-230
icmb,335,83,-941
hbgy,-119,723,-206
huag,-566,-168,132
xgxy,543,420,982
zgob,864,-328,983
aqfj,-33,460,825
rpkc,96,-133,278
tudy,959,306,294
fbzs,-317,-15,530
uryq,-71,-504,-556
lvfu,882,409,-923
tudz,88,-727,-605
eiqa,240,-935,-523
pesl,-168,587,742
bobt,-313,807,-716
xixi,-728,-946,-320
dvte,562,-792,121
aqkj,784,700,380
tjfg,446,-579,366
ygld,672,-157,743
rmyi,-109,649,-812
emkv,-587,491,560
aora,-561,653,-527
dwlm,-209,-417,-594
tfza,-831,-382,540
vgoy,-172,725,-804
rqtr,416,335,-174
byxi,88,-666,-578
mmot,-391,-676,292
ikjp,841,178,-119
vrxt,753,781,-468
tylh,-402,524,-945
zbuq,976,45,342
kpzm,557,708,153
uzsa,-212,848,-221
dikk,-570,37,-649
hmsb,146,-251,-234
decf,-209,448,-522
jwaa,-702,-346,145
musc,232,-812,-427
aulh,392,-692,-187
nhpy,-719,852,-940
aakp,-667,-344,-299
rwxp,-6,258,604
onfd,827,893,867
eivu,-540,155,-164
tnne,997,-759,308
zwxr,356,292,735
eglf,-190,-945,72
ryxr,-571,-166,-728
llsi,966,-618,40
qzpp,703,575,-997
jzil,112,-801,341
cdcl,724,981,225
uqsv,-37,-815,-21
lnpe,-486,-812,-736
eayt,-53,35,938
ufwh,657,241,82
cnss,-586,820,601
tpsu,461,-592,182
ljwc,-181,204,731
atav,-721,-600,-744
bwlz,16,-870,535
czns,747,83,147
yxum,-850,447,-808
hqew,208,-9,803
tqwh,562,213,619
xuau,16,546,300
btbp,119,-230,-451
hqev,-856,537,241
djvz,-156,-905,-343
sxlg,-941,-558,-944
ojfh,483,887,888
uybi,-480,-346,125
kdzm,458,-298,572
qbri,-645,201,-224
kkif,-774,306,-846
cnpi,51,-165,672
piis,144,208,-519
inml,769,267,767
qozf,-244,-872,-653
qpnn,399,-172,-144
pkam,-465,328,371
rzfu,16,646,779
jgym,-200,735,-578
xlle,-188,409,510
infi,902,-426,-449
cpeb,-881,823,-191
mqxw,-678,633,755
eevi,647,-538,1000
sebj,212,918,-263
gdkb,-861,315,239
uebh,645,-826,-751
zpgk,-48,-294,-805
xvoo,647,-312,-279
qjvo,-492,-642,-988
vhkt,-445,500,529
uhvm,79,744,758
shct,377,-912,800
repg,50,865,5
vduo,-271,-968,636
cuzl,-469,72,463
gekb,561,886,205
fncj,-766,540,736
xmpy,-261,733,997
pyex,-593,230,653
jtpg,-47,-277,-548
wcrr,-161,-161,69
ittw,38,115,-513
tukk,592,-287,-325
loho,-403,688,-345
gmzn,-183,-241,745
uayg,18,285,789
qfoe,462,313,449
djea,189,-700,903
hgkz,-43,-926,-367
swdf,-987,-370,417
rocz,-860,116,756
wsaf,-122,-198,322
ykjo,313,-848,732
hujd,-359,15,649
yqjr,-50,-514,43
fflz,577,488,-963
rrub,306,715,-9
mxvb,-139,981,956
fvtw,-556,-310,-57
wfyg,295,-131,772
iulp,72,677,-163
tecf,-985,34,-66
sgmy,-520,-427,934
tvls,-736,772,-243
velc,-899,-609,1000
infx,413,818,-532
hqpg,-29,356,583
aatt,564,802,-336
lcfj,-242,-616,22
wurp,-302,272,-548
ikmh,-580,163,-513
gope,-544,-108,731
jjyu,-792,386,413
qaof,7,-871,500
afqe,-450,-183,904
njrr,-364,348,595
rxzs,988,386,128
allj,510,371,-712
inir,-640,924,-475
ubso,31,-631,309
ytsy,-22,-642,261
vlha,-301,663,-629
pddl,932,55,894
fhdf,-942,975,-719
xsyi,587,-929,721
xbdk,-381,15,813
ymqs,-481,45,-891
jfho,12,-827,397
yavy,-606,260,-426
kpuc,-915,-840,-409
sgab,249,885,-832
fayj,-508,344,-830
qmhr,504,-57,601
wtys,360,53,921
ckbe,890,-539,256
bxwj,-756,-198,126
hmqr,915,-397,-996
wecf,393,-189,285
eors,-264,-98,28
uvrm,253,208,-1000
nyen,-402,-42,300
xwkp,690,213,94
uzpr,-283,-470,-767
tnyw,-540,-948,853
erte,389,-891,423
mpbx,-414,-599,460
jbjo,-440,-163,-999
yjyu,780,-141,-207
mcyn,-850,-488,-284
ytoe,-449,340,-163
wlpz,-899,-98,505
ycwm,-278,-718,-430
kmbu,422,-729,966
bccd,-603,307,-349
yrgl,-439,790,-363
chtg,3,-221,24
jiws,957,-886,312
nott,-993,763,-626
zqmm,769,-796,-752
fdik,834,574,-308
tllq,893,7,-113
zwjx,253,-273,-188
mxzc,-380,-401,876
whuq,-628,-378,67
nsns,984,737,842
jclz,602,-107,659
prkw,-154,-314,-352
jixh,-316,-716,440
whgv,-835,749,968
goxh,-146,-897,-143
zcmk,-14,513,-776
mnyo,-634,769,568
ymlq,435,-840,499
azje,980,-519,36
yvyw,684,613,-573
mimu,-172,-492,730
xdrr,-97,52,-589
yoof,606,8,-985
extm,667,711,367
hmwc,-263,273,692
ekqb,432,-675,-140
uspo,-639,-307,408
ychc,578,-245,928
enzu,-365,485,965
rdyj,-388,-16,-803
hmtm,-520,-67,858
ljzy,164,-61,-83
yipn,303,-841,-130
pvjm,697,344,668
ffym,257,47,-792
mwxg,294,25,368
uxqi,465,-710,294
hnfg,-116,-312,45
fcoi,-84,-925,857
xuuk,-922,179,-279
pneb,-316,327,-703
lwgb,919,-985,-270
ybbx,170,-274,-938
tbdm,-931,381,-610
oyfd,80,828,-982
fvyf,517,997,151
epah,128,-778,960
szke,221,13,112
ahir,904,-797,-950
zdba,915,228,-58
vzmk,-962,589,970
rgee,449,-451,-977
uorn,-931,893,717
wmbp,50,-72,226
kejw,628,-998,609
dutr,406,-719,463
tbjv,-524,362,-425
plki,-855,253,127
dcuz,-177,441,-628
auyd,-300,320,-593
ppwp,530,-698,-746
ewpf,355,567,-467
scwl,840,-108,259
ezyf,-580,-711,188
yroq,-221,-927,-523
gzwh,971,708,-785
fdmb,-709,-643,444
gwwk,816,709,759
eqek,-447,727,418
ffva,-933,773,104
vvyp,-817,-341,-683
aqzk,256,-517,-212
waxu,-538,510,-234
ltju,146,892,-646
zwni,702,862,855
otsb,-783,-489,166
ftdx,935,702,489
owzz,-696,-354,-984
yqyj,-814,-796,972
dzmj,-863,-191,136
yfjp,-108,-364,-72
baeu,-832,516,-131
qahb,-792,354,-954
kgfz,729,-695,377
sdba,-254,-276,-208
yvbu,561,199,673
bcnr,613,431,-931
bxjl,-162,-533,-379
onfx,435,536,900
adrg,-483,988,680
vmwz,-172,936,-588
qivm,-275,897,801
mftp,-123,606,-179
mgof,812,783,84
fmor,935,-419,-108
nraf,-725,404,-750
fpyc,248,464,-210
mzjy,-459,-907,-451
wzyb,-461,812,-870
xevg,398,-260,879
xhqj,-506,-656,583
yiqa,-208,237,-598
ddze,438,-866,-960
quvm,-947,-218,261
czcb,-662,-260,474
esfc,-939,868,-358
uzrt,884,859,-780
vnno,-439,-700,492
kstx,845,264,88
uzfn,148,196,486
rmml,765,-119,-423
ahfe,-20,-62,-766
ebbc,-271,713,-647
gkke,-587,20,902
awwo,188,-952,444
mywm,435,942,585
occd,253,-884,-331
mrlw,860,293,-222
gjmf,-119,-84,-461
wfdm,-19,-723,-275
xxyf,-428,463,795
bkxj,-260,-854,30
gvvl,-722,-300,-622
prln,461,-497,-256
drqy,-172,-95,409
vonv,-175,-595,-962
lbpp,681,-911,83
kjma,-1,-42,-279
ntnk,-632,-412,915
tgea,892,-744,-21
uxru,-415,450,-468
wanm,-92,194,-900
ikwh,607,-631,-661
tzsa,-824,-979,426
rymy,-908,336,51
tbmg,145,819,611
mqfs,-674,995,71
qfgu,-288,112,397
hhus,-875,-317,-214
aklb,-67,708,350
hkzi,322,125,108
edkr,-249,-942,548
pwiw,-364,-37,-418
alqa,-863,-82,695
bnqb,578,247,71
frxc,-172,334,-796
otbu,-992,399,546
gquz,-810,568,190
bgfa,902,674,842
dqsr,-614,626,-366
fkoj,150,279,203
xcji,157,-447,542
idtg,-551,-935,632
ttpi,868,-233,398
gual,-982,968,728
fkyl,539,-348,424
inxl,530,879,838
imbu,-512,-655,48
mpjv,521,-896,84
jaqc,-591,421,-756
tvig,-188,929,-441
mtkx,814,-408,-523
exkb,557,312,-80
bucn,-147,-840,883
asny,218,-323,582
phak,-369,-902,886
jxpr,-54,741,-215
cwhn,-351,-992,927
xkzu,578,22,338
vsbw,-523,782,-359
cmfj,-918,920,910
eqjo,-449,-35,-898
obps,-622,-457,750
fgnx,443,601,452
gxmb,-437,-866,412
hbbz,-790,-254,-899
gime,166,-444,-6
ktew,-368,-672,-465
krro,771,-155,-48
qfqk,756,588,377
dzyi,417,-781,834
enql,-520,-647,621
kmlw,-623,503,795
lawo,-723,-291,556
thgl,-482,-210,803
exow,-716,-40,687
iguz,-961,5,305
ssjl,-461,-506,-828
pitr,147,367,-24
nhax,-519,-657,-55
ohir,-854,599,79
ukzk,883,893,446
conz,26,919,-491
ueew,95,-455,292
tkus,624,880,907
dyjf,506,-113,-831
cjcl,-440,-875,-536
fmkv,-335,613,-634
ceab,839,-21,-822
pywr,938,-249,902
bflo,163,141,-37
rzqb,-894,-123,-275
dbmw,862,-271,-326
xfqp,-319,-697,798
yoop,188,908,66
frwz,-581,694,222
wksq,-656,547,-135
lmwr,-120,954,-940
aptm,557,-62,-971
zgjk,-412,221,849
icmn,269,-89,588
gllw,147,570,872
gfhn,205,-696,-786
sbdf,-866,-638,-976
iwyi,-303,-96,-263
wsrg,-902,997,613
rprn,-542,-29,-875
zyjh,-298,-757,399
imls,266,-781,575
ruju,248,484,565
vztu,-563,-431,-904
irth,-729,-627,796
bgay,868,-582,148
psmn,84,-202,-138
vvxn,253,-580,38
wlha,215,230,-233
rcej,78,-586,-401
wcws,-954,-830,896
hfor,562,-97,-36
sjda,683,671,-688
slih,-484,-324,179
znww,974,330,270
xlog,617,851,288
xyij,855,80,-896
pwho,547,528,-268
juqc,-257,137,-225
hosd,-427,-600,521
tkji,313,280,228
zjnj,183,14,-334
bfyj,-38,-603,-882
enrg,-596,-216,-466
hwax,888,-4,-781
xceg,-625,664,-694
htyc,-885,-526,-59
ffau,-828,176,651
vsrz,573,680,-836
usew,-798,-941,-76
goky,564,-279,746
cqth,191,-250,387
pckh,-955,-793,994
hass,494,-528,-661
psye,-758,993,-25
nmow,-821,-145,880
wvpr,-16,-583,-838
ozld,804,625,55
aqgk,983,-898,-751
erto,-846,-390,121
qvsz,884,-54,531
boqt,401,-383,-544
lvjt,618,-160,641
pkfj,-41,114,322
zmct,-945,711,256
pdre,521,-349,-149
gcdy,-292,426,622
kavd,-873,348,-578
ihqc,435,-770,673
vbcn,788,798,-467
cshw,-413,624,758
bvzd,-240,-578,47
ksnm,779,-837,687
free,-672,-884,153
yqwk,-16,873,-919
skho,-146,744,770
gohk,30,597,795
akrj,-574,-616,-99
bxik,481,-890,793
nzxe,387,-5,687
nspd,516,-438,741
ykcf,498,-434,-458
wfak,-97,489,-669
imwf,944,-954,747
fhhc,884,-381,-287
kdar,-659,-275,39
mxnv,126,-888,-226
zdje,-227,763,213
ekep,-98,-317,-95
okua,695,-603,198
cscn,53,-431,-17
sfxw,403,-838,708
flig,-208,-828,531
dpgg,747,-598,304
enzj,-643,420,906
bbth,-483,59,382
zosp,613,-744,34
vlfm,-721,-723,288
voot,740,-217,722
wkzd,993,-641,170
yqaq,-5,-717,-274
elgw,78,442,-998
ppku,79,211,-207
icgp,-967,-231,712
pejd,331,853,636
npte,-76,14,787
zifg,-562,-616,-928
mpaa,-284,-92,33
xwgu,-95,739,457
cuyw,264,-623,80
kzmh,794,-362,942
ilgt,-159,388,-947
ynpi,855,-153,601
owcc,220,936,983
redg,-548,-12,-629
xpud,-770,-458,388
thfc,-702,911,-884
cffx,-622,-12,-976
srtp,914,197,-671
objf,776,-937,506
ubyi,-208,-304,-880
xfve,-794,387,-637
huwx,805,452,244
lvrk,951,150,979
cqbb,1,-641,740
xtue,60,-553,528
nxjy,-546,-226,952
oxgv,770,948,461
lzdl,533,-650,321
cmsj,48,-44,680
pvdk,-696,-611,861
pxiu,601,421,685
fsyv,-669,134,664
eksx,248,-929,209
hmal,-352,341,455
qxrq,124,78,111
rmgr,-122,-261,-54
yllp,-533,903,353
qzxa,989,992,-582
lkhe,-667,441,-763
lzqs,35,77,844
bhhc,45,-461,304
kzzm,-92,39,888
lwny,835,-923,-184
yuvh,309,1000,-607
ozqy,-135,-590,303
jxyu,-505,117,277
fvag,389,-848,335
ejqv,-685,989,-415
olnc,-362,-488,-318
kzvy,-216,707,121
loto,-594,523,-46
xwkc,-467,254,153
irdv,-932,487,373
nrjd,-870,492,894
kxmz,245,899,-542
qkcu,281,3,-610
mbpk,-20,165,-323
rxjj,179,-525,923
yvdb,-855,-584,74
dxie,-741,-538,758
qoko,-224,-41,285
ysqu,496,416,-663
vxdv,910,-987,-338
ggsk,411,139,-128
ebrj,-575,-438,225
cupn,562,-236,108
ybno,-216,128,-212
tsrq,-39,-863,648
eizl,-718,211,309
gzms,-947,-300,87
gbxr,559,874,-935
itsc,649,-60,738
cqel,169,508,-517
cagv,-943,454,103
nkgj,-461,-857,340
lbxh,-43,-593,869
ooxe,864,422,812
oaex,-856,744,485
dheh,449,781,393
wgjx,763,495,781
spjn,-165,855,123
qqhg,-588,852,274
isri,-397,-343,-528
nxoe,-964,-598,-883
bbct,-283,221,-831
tksv,-344,752,142
nnnu,-926,-336,-839
ctov,538,923,-538
bzhy,325,270,-290
unrx,760,309,116
hvkf,985,-678,-141
cdfn,-267,262,-876
usro,391,-174,805
yzly,-874,-85,-12
tixh,-283,-99,1000
soih,-759,681,-355
dyzg,27,-905,-616
bxcl,-812,614,-361
eghc,-188,685,992
bsxm,704,-840,626
jmlr,736,-242,-621
fugu,-946,323,-845
hvzo,563,213,757
nsmg,-200,42,101
hgcf,657,-487,-42
nwyh,-821,322,434
zmeg,318,67,-85
tkoz,-761,-702,358
cfgi,208,676,728
mngk,-532,786,507
qhdn,116,-36,465
hvqc,634,-873,436
zuuy,-809,-629,-203
mfbw,370,625,-892
bmmu,-94,795,151
gtoi,898,-446,868
fchy,980,813,-119
bohh,-847,344,-803
jzwq,819,171,636
yism,-114,-952,-999
muwp,127,-669,-441
bpyi,685,584,-674
nynj,728,163,-688
fuqt,705,-502,734
mbmp,-26,-96,309
rwxd,-642,666,779
nmft,-359,419,-377
vepb,287,415,893
ubyu,-689,263,-262
uquw,-246,919,660
nbml,-260,787,-548
wyed,783,804,295
aatb,371,-119,-232
dscw,-514,-347,-670
lupn,-243,-639,746
nayn,812,-175,590
ruhx,811,221,-457
kibd,561,830,13
upeq,-435,347,577
rflg,269,-891,609
nofq,139,777,-499
rely,-451,-222,904
rocd,-787,868,-742
lnhx,841,-662,359
ankv,608,-827,-115
ukju,267,561,-553
klri,-50,-82,350
ktdl,-432,-856,-643
ekam,-646,-948,705
srql,241,404,-100
qeel,-7,393,-500
pgom,-736,-961,-302
nhga,-104,324,-18
ctpz,976,-568,456
xgjv,655,779,971
gfpz,178,400,-769
ocmh,-114,-111,-81
hyez,-1,-22,244
znsg,905,183,-374
cmgg,525,-407,-963
rfxo,862,748,-744
ngpg,969,102,-597
qhun,-575,-746,-37
xkvr,-649,-421,221
ecsg,989,-352,-29
tuey,559,-414,-626
afwm,-974,638,183
gulv,668,-577,92
qnsi,192,-245,723
fsqr,-285,606,-226
ckye,486,238,-619
bonb,-85,-72,421
gjma,-442,-996,571
pveo,-233,-952,-236
uwlq,-581,-124,-732
duit,184,968,-602
hghm,32,-598,962
lufv,347,419,326
kkbp,976,-16,-1
cuxd,-667,649,-15
raxk,0,-997,467
fdcl,6,725,-390
lihk,751,424,-362
wzyk,-760,-77,-766
wxbu,88,878,-831
albg,493,-810,-24
hcpq,164,680,106
ukxi,-179,951,861
ymup,873,-501,-98
jnro,-807,272,187
zhuy,760,54,-105
eqzv,915,-139,-866
gorq,558,543,-643
nnux,40,330,-251
txvb,-336,402,939
iblr,603,-468,-263
ukxj,-647,-364,-602
gbhl,115,-906,-528
cvsw,-568,467,-738
sdpg,-627,263,330
rngz,-961,-816,116
inub,705,10,456
vnya,858,-35,-61
nvsg,-763,-657,-718
nopl,856,-411,779
rxnr,25,824,930
dorl,-899,-185,-131
nilg,-449,117,-682
buzh,963,-721,971
gwod,-925,436,187
stbe,-943,237,-227
afax,262,-600,-374
ltkh,257,-258,175
skli,-358,-343,-78
tldk,598,-350,-87
rvbr,-340,-562,792
jzkv,977,-952,-89
zmbt,109,913,-548
tbec,296,400,-922
mpmb,157,772,876
nunm,-195,737,-491
mozt,-799,-912,759
ienf,-138,419,-991
jqfp,274,-232,-19
lyis,617,-894,147
qudx,-758,348,-630
sgzw,-629,263,-66
nfaz,-182,243,-605
sssc,-704,139,611
dusr,-660,194,-408
tigj,384,-90,252
frty,-37,-154,-250
bqvv,-780,-343,-569
rqol,-315,340,660
xqgn,398,480,-217
dcof,-89,-401,-953
zgpx,95,236,597
vdwk,476,379,-305
unwl,276,-530,-238
dsit,-217,-106,-455
xavh,-367,-157,560
wyby,-677,-248,224
ruxx,-869,640,59
rjis,529,-477,-224
rqnv,-971,792,-957
uayf,859,475,-396
vreu,952,-783,-500
wmwj,-315,-581,-117
vjqs,-775,-523,273
tywt,606,-698,-259
asfy,686,451,134
dagl,1000,-569,-519
qcow,-702,-873,81
bhzt,944,155,172
uddj,-976,-353,649
jwny,814,496,837
jzad,920,-907,59
rkut,647,874,397
efus,391,116,-220
bxti,930,-948,491
usip,944,-720,-261
cyfb,239,881,-208
ojqp,26,884,203
gmmw,302,-234,353
tnom,-355,71,159
fnma,671,865,827
yvnm,-524,22,908
xqxi,-203,-429,-210
ifxz,-11,-847,606
gfzm,909,-139,965
ydmo,944,-919,-929
dwfv,828,-564,432
ntwf,-347,330,-44
gonb,773,581,-309
tmpq,337,19,-157
lpxn,535,841,501
kckb,-221,-89,893
oaiv,481,-680,-668
kdvg,-520,996,748
lehh,300,-468,287
aidy,-427,-520,606
jywm,-525,803,-983
xqha,828,-542,-410
thyd,-397,-49,590
yaeb,-403,487,-563
ngsh,25,-589,-68
vtrm,87,-921,239
zwbo,145,201,-652
huug,-340,-940,-219
hkav,488,-760,-812
fmte,-788,449,616
xcbp,-454,93,529
zhqz,405,-393,-708
eoyz,436,270,535
mpre,-67,241,190
aiao,-164,-385,75
sikr,527,480,264
txqt,126,-867,-598
kyvy,-690,-163,-814
biot,-961,-921,545
ouxw,-903,381,412
dgjl,107,-905,-514
jgaq,653,462,-555
lckm,-416,-645,619
rwuv,920,-90,409
ufpz,62,-472,-290
qotv,749,-396,255
ahxl,27,109,-743
fdsc,960,-686,-616
juot,-529,-571,772
sboa,999,73,-801
dhkg,-161,-906,297
ehqa,234,-908,-750
rjlp,-722,-252,120
aktd,-817,-649,238
wjpm,175,-46,667
ewnt,406,-453,363
zjes,-66,-678,378
nbck,330,598,-688
agjm,-734,-557,5
xlzz,-105,-936,293
rkll,196,-908,-183
hcpp,-971,166,492
mivf,-727,-208,-594
zfny,-655,582,-629
gbpc,483,-27,-950
qvtj,311,-572,522
jumd,321,-514,-137
wvkt,573,-603,233
efst,682,516,92
wrcj,-229,350,-793
rlys,412,761,-645
mary,-262,-548,-866
ltww,347,-131,127
vjij,-838,-18,-77
elku,218,-183,-807
mmhr,615,-83,-671
lofl,972,631,-366
lssj,-698,-42,-872
esei,-963,737,157
hshh,-495,-302,-240
assm,-701,314,-347
takr,-862,-551,-709
trrk,-614,-94,478
negc,-378,-933,-597
bmpw,606,-887,-340
zlrv,541,582,37
utmq,286,-569,-952
yysm,887,-665,-928
wbxs,58,-741,-716
hmdm,-692,870,448
qvci,444,878,-927
lsul,304,634,-755
yvbi,-130,130,-381
cozo,710,750,-285
qkay,-411,164,-494
bxzl,97,-761,207
inbv,275,-833,-567
idoy,768,680,640
mwai,650,-461,37
hnie,-11,-951,978
coai,525,-199,626
yfkp,750,212,963
tepr,83,-632,-21
asch,-758,129,394
jqof,966,-74,-785
blqq,-488,-1000,19
okzv,677,303,-542
xigr,-907,169,477
fwdw,-843,611,-747
vwkg,-151,666,908
yevy,410,74,305
pzlm,-299,670,250
gnwg,34,596,182
ixxw,-472,553,238
eaxy,363,-25,-613
herb,-538,-737,247
yxvl,-477,-130,435
nmea,385,630,4
qktz,793,826,-826
tfmi,775,164,-894
hntn,896,-359,552
jbgm,245,261,288
jnrw,799,-48,443
wdjo,488,503,-127
xyde,-62,-435,23
lcfr,-682,0,-597
xwnp,-229,528,-450
vunn,947,976,-570
qfjz,252,-588,-957
mgdh,-917,-238,151
vgwc,448,-657,-850
gyoi,-873,673,42
kamz,198,-626,-241
yokp,185,628,-388
bpbu,-435,412,-18
vvxh,538,126,259
jlwr,908,231,684
vehc,212,79,-284
tzjz,194,-887,690
mrbo,-892,789,551
exli,-936,-513,734
maim,741,-253,-138
pzul,-13,716,-415
kalq,-283,66,11
fcbk,702,-677,935
llvg,-476,-747,-525
znfa,872,641,467
rldk,211,-27,444
pivi,-653,-100,256
vcrw,415,231,-44
xsnx,65,-214,-258
hksq,337,850,-758
ixzi,-596,558,71
lfoi,-159,-555,239
dohx,-961,-385,49
typv,428,-441,253
evge,519,-933,882
gxva,307,-731,215
bpcu,-129,20,951
hrki,543,511,579
ohmf,527,511,192
djyr,86,-438,-713
tupx,94,-360,340
yiky,-718,800,334
qrum,947,-14,322
cutb,373,974,435
feko,-122,855,-840
zowo,19,53,-808
tuhs,259,-974,929
ffya,-793,-373,-964
iehf,-770,154,591
sxbu,436,-646,102
vxcp,595,-580,-214
itiz,-297,-256,-637
jdaa,-203,33,-209
klci,-26,-448,-546
krzh,-720,-791,156
iafd,-239,461,-39
svcf,-609,-268,-393
lsxz,-189,166,509
zuof,662,802,-392
xfyq,-639,317,-301
hnwd,943,-862,-736
ojsj,838,774,-463
kcxo,-625,-740,-349
tbtp,-680,-10,368
mwsg,-428,-96,652
tytu,-331,722,-717
qirl,-907,454,602
lhfb,551,-430,-161
deto,-550,72,-679
qxtd,-431,-994,769
dfce,-739,458,-792
pxhu,420,552,903
wmrz,-731,-456,547
ptfv,800,-305,399
oznm,-943,-672,131
ehle,-441,-937,-517
amgw,617,-700,634
xzdf,342,-10,-496
nxsr,341,569,138
mksb,448,-312,-694
yvce,-778,-832,-420
eamc,-246,387,-599
dmnn,725,-688,515
xntc,-356,53,32
zics,557,-747,137
ylal,-57,538,-938
npxl,-902,-354,-6
fwbz,-422,624,602
fwrk,189,425,59
fikq,-235,-27,622
tnla,762,720,187
tjyl,451,-423,524
mdfl,-266,-536,325
eywa,-501,395,182
vmga,-715,723,573
bczu,118,-316,635
bjea,329,30,-489
cauh,215,-88,239
rzuc,-62,822,485
tytx,-220,7,682
knan,165,95,-665
yfhf,436,-810,-72
wtlx,773,324,-982
zhap,-498,649,660
sihz,-376,-977,-72
jorw,15,-865,701
zjvn,-765,-182,-359
eslv,688,723,822
bqql,-423,563,-806
tune,292,236,-385
swdv,510,-939,954
zrtv,575,287,963
xmht,87,669,137
qtnf,-63,-470,276
hfpi,-365,-230,941
qlea,229,-26,257
bcon,30,579,456
ykfj,456,-383,119
lkur,-637,-72,-970
psvh,475,724,-366
glli,631,-185,-458
ktip,36,-101,725
uyjt,-825,95,183
glap,418,614,-609
rtna,373,-282,-708
kcdj,414,-624,651
xjet,-37,419,-353
zzor,-437,647,-588
oyhv,-99,627,-157
rgnu,643,237,209
pize,-202,941,-379
mvqo,-816,-163,616
ngkd,-411,-374,-816
eice,-523,-875,-438
hrrm,-857,68,372
sive,267,-418,781
ozvj,519,-622,624
wtwm,-58,425,363
hnns,868,-42,482
tyuz,-738,136,-900
tqic,-803,242,-861
fmem,-939,801,6
ozyt,575,-911,-681
hroh,-77,-396,336
axbf,-222,211,41
lfba,-890,349,563
vpjp,646,-171,286
ooyi,-2,-793,886
unvo,461,106,284
lwuq,335,13,-72
wdhc,-702,739,586
njsk,-724,-481,-209
igmj,-914,-809,-526
ivde,811,261,-964
aqaj,108,268,-846
nekc,127,470,-18
fnxl,502,401,-17
whhi,912,-222,445
wfyp,-500,-718,906
fgvo,821,-68,-167
kyjg,-524,466,959
xapn,967,-863,-606
ssbs,940,878,603
cong,282,-328,-585
dxqe,309,-65,-830
spwb,-997,470,-741
dgkk,74,770,-931
dygo,524,-344,-452
jhqq,757,-697,582
ipxn,830,147,-887
skhv,918,736,696
qyyl,279,-188,-55
bqnj,607,-648,589
nwmp,484,131,-775
hgvz,-865,-32,-217
dzzu,454,1000,-731
ytzq,-818,774,-787
pkku,616,594,-576
nlds,-661,-708,-182
piec,402,-792,-912
jyvz,-274,863,-151
ewhl,-924,-382,-141
bhpx,-838,-361,-198
hokw,-952,245,990
jdjq,-250,-331,539
ztyr,-504,795,320
bnfb,-558,-436,600
rkpq,-587,-850,-662
ndzc,-933,-128,-497
zkmz,-665,-413,758
lhfe,-515,-298,747
winb,-907,-638,456
iuks,-463,-169,-731
qpls,-295,-459,-455
ysvn,278,-592,925
vvhg,-418,916,-81
gefl,414,-849,469
prhy,-282,-23,-196
nznk,30,805,-653
pbxl,-592,-92,266
vzff,-798,169,-488
bgmv,438,-788,-613
twwz,772,-787,-85
odxf,-441,834,710
dpcp,-267,558,-967
gugz,-719,-910,-947
vcit,-979,600,-868
kjml,872,836,-43
manj,237,733,-681
yaqp,-144,-160,-987
cfee,639,630,-939
nnuv,-931,-105,-555
aepg,238,567,435
akqe,612,-838,-813
gfgo,-67,-917,-251
dykk,369,346,-263
uzni,480,-326,-530
ctbd,-343,682,649
kccp,-217,-110,-435
prck,-980,373,334
ilkc,646,-2,-478
kcuf,-983,551,-956
rgve,537,914,-312
judy,212,281,-190
slry,965,586,-404
eagd,-393,-622,923
fqhv,362,933,-480
fngb,751,-243,775
hiib,-569,434,104
hdle,701,67,-835
egqo,600,-789,763
slsd,-899,106,798
gdcr,-631,107,-695
oumd,-654,-17,-273
yxmw,444,-450,269
eudm,74,-52,392
oavq,854,918,798
pndb,267,116,-83
sjwf,-806,-813,-387
gvyb,-349,220,1
fobc,452,762,221
ihvw,-955,-95,490
gdrw,697,-730,479
dczl,41,-310,-471
ejpv,-327,750,138
iyyt,-775,-970,227
ocmr,-312,-102,-968
ovsl,909,69,231
dnho,956,632,681
qaiu,-94,-855,491
qejy,-650,141,-592
rsry,125,-730,-926
xdxu,554,-226,-717
yorp,612,978,-6
ukqe,-925,10,241
uzuq,896,331,-39
uvcg,671,429,443
yaqy,-405,859,499
poek,648,171,13
mibi,852,366,573
tvxl,-160,552,-687
bfju,596,-319,-371
tgsa,775,786,-755
bgab,927,866,458
hzoz,-537,-788,-590
xjgx,-993,403,-647
jtqo,814,353,-180
qwao,197,-823,-910
pero,-380,-955,115
nvcs,265,367,-502
wfki,725,188,-24
ybxi,797,-162,291
xcdy,-845,-5,-670
pymy,-359,438,287
zhgv,538,-150,-709
fwip,-239,794,-249
oxoh,4,-179,73
uhuc,182,-760,2
uqui,-673,-875,887
vqsb,-363,-257,274
edrn,513,-367,-187
fogd,-824,988,802
ynvd,506,47,503
omya,629,277,654
pdle,-965,-374,-147
fpfp,221,-267,-89
jljx,76,-961,-873
icgl,470,-677,-330
adyb,-595,276,516
lomm,-224,-484,941
blxz,-714,7,-341
clwg,-489,848,206
jljr,-437,-246,-320
wrwl,-726,858,-175
suwz,681,501,631
xoae,-117,-836,927
pcpl,-275,821,162
ytin,403,641,332
nvoh,-249,-562,-14
opiy,-946,557,175
qmcw,-441,558,277
qevv,-389,-574,819
nvmr,491,722,531
lspu,975,-907,874
lbtv,396,556,-569
iipl,75,713,944
vnwo,-34,699,-161
mltr,-391,349,524
udat,-984,-274,481
ozwk,491,46,-560
qmta,-832,-829,-727
xdkc,163,18,-79
kyrv,-530,-82,-778
xeta,950,-642,926
izlj,651,420,74
ztsk,-449,-892,-375
qysr,-151,311,916
peir,113,234,-386
mbjl,-724,-869,506
uxpa,-935,-278,341
bzqq,885,381,-603
hubv,-456,402,-837
lgwc,742,829,-966
edeh,-968,365,-201
bfoh,345,-374,797
hbpk,801,385,-935
oewi,586,738,-425
lyts,876,-187,719
aaoc,-884,901,820
hwbc,-271,-138,-402
oqgf,-3,-19,851
upwb,452,-582,275
vaht,-965,548,95
fcmv,-353,-988,495
yptk,-803,999,-669
nrel,-465,-330,-582
yogu,492,-286,329
wskj,-582,-895,829
pgyq,-648,-136,-753
twqb,611,526,724
mdxn,248,-902,-262
bjyb,-781,64,299
yhgz,519,-674,83
zjin,340,24,177
gsen,-349,-275,-532
fiuj,-276,777,743
hjnl,25,259,-743
gxwy,363,-764,552
bvlz,-300,536,491
bmor,-71,705,-77
klmk,970,-932,262
cbzq,711,977,241
kmmw,-833,467,545
cvgp,-575,620,817
kxrd,-488,962,-577
sqgw,-298,-904,-481
jwhc,147,970,238
swjm,-740,-67,771
tire,858,655,-196
bfem,453,-457,-717
olad,-611,-117,-399
rpra,-690,-295,-554
ktto,-636,-2,790
qygm,-714,-837,-819
ejjn,901,-75,941
tcfc,-693,326,864
gqdq,80,664,-877
yzny,739,315,-511
eexb,-350,445,-435
vnay,-730,-46,-243
ndnt,784,-366,-406
sbcv,712,75,451
icgq,695,-165,-891
wkqa,537,291,-262
yemk,1,539,588
aliy,118,765,-614
uhel,-621,341,-442
efjg,-608,468,-272
jzug,977,-732,-303
nwuv,674,632,-427
bljc,658,-942,-436
ibiv,184,294,-167
zgwl,-532,690,249
tqtu,865,148,866
samf,595,565,70
vqte,650,328,859
wpgb,654,70,-274
ldzq,-296,-852,-739
bpec,-367,768,-212
fgmi,521,405,-431
hqay,-475,810,-215
wzfb,859,662,434
wohm,377,741,-299
ujop,206,466,327
jlnh,-469,700,-732
gitu,424,-5,404
bwtf,75,-34,-502
jscq,-481,482,138
iqch,464,-253,925
vgcq,692,-965,-394
eeka,-433,231,429
mrqr,900,444,-727
gyge,-444,-885,-255
quni,-511,629,-778
jlsu,637,-215,417
tval,153,-417,-640
sczl,-476,-940,149
ksxo,282,-283,918
ceeb,-451,-160,-949
hrqu,293,-732,1000
svso,-509,-890,369
shnv,305,-442,-312
ngdk,5,403,432
byeb,-446,369,564
mksv,-693,497,9
tval,-233,-526,-697
adnd,214,-956,-767
lxed,-745,564,592
bakw,677,825,455
ogbn,-97,-588,-564
bnqj,-411,710,-925
swtk,796,-388,776
uckj,159,-891,-27
xxud,-263,819,-113
uhnp,-899,242,-654
xizt,27,-265,-574
ybwu,239,-237,-300
aurs,-497,-11,-972
xrma,-375,-611,-728
ejoj,290,-850,-296
pvqq,332,-844,-175
mndw,-557,-482,-686
cvhm,523,119,-199
dkzw,367,244,969
yzcb,-560,871,-936
twai,-545,449,-126
degy,-348,601,265
visi,253,761,1
scyb,490,-280,-134
enzo,734,580,366
mhls,455,728,229
hjtb,-474,-725,626
qxyl,456,-241,-774
etic,818,-95,-194
rkuj,57,-134,503
pxbf,-602,953,265
dnvn,924,-456,515
vzce,979,293,-303
owku,775,838,-413
xlsp,224,745,927
nvzz,710,-264,455
gizi,871,-622,-513
fnvu,-980,-930,598
ywvi,3,-775,787
owbo,-643,486,610
zcia,-38,961,611
amnc,-351,16,922
wqav,207,-935,-182
mxsw,-116,214,475
sypz,207,476,231
vfyj,-438,861,-417
djyd,-902,-732,-261
kpws,-153,-457,161
noyy,553,413,-223
bdxp,-612,957,-240
mhtc,384,582,-361
kduz,-464,261,274
qigj,22,809,332
nxgy,-472,893,-478
tluo,305,-298,70
xhca,139,116,30
pkeo,176,840,298
tosi,-814,907,757
lhax,564,-110,-263
nrha,964,312,-402
rfwi,-462,-329,869
qcim,-523,790,106
ggjo,665,880,-286
ntiz,-850,712,661
qwbo,422,-980,-974
mklq,-113,-434,555
wgqv,298,226,162
zowc,-182,-202,831
ixoe,-813,-542,604
izcx,-49,344,189
igif,-938,-398,211
mgda,43,-881,-831
zicc,197,593,131
banu,-691,851,693
jhdr,541,-236,-394
rlqn,844,806,-45
xsra,335,830,-926
okbg,469,-393,-160
jvue,-959,-249,68
zpqk,-521,22,-862
shtj,989,-882,-922
zzdq,536,-174,-695
bkyq,-88,-844,-855
mzvu,736,252,-704
tuey,769,-241,854
ogcc,-570,-258,607
xfcz,-141,101,919
kvwh,840,701,141
hvoi,-387,545,645
uqdo,401,-900,110
rgde,-409,455,-605
qmme,907,-665,-963
dptr,-598,-653,205
ixts,401,542,814
czdr,536,818,795
akgx,343,408,955
twyx,-312,387,-350
qwav,-285,-93,-827
akty,614,-261,-855
gabw,657,-223,350
oyzr,108,-222,650
hhfx,125,105,307
nfpw,-730,-476,474
tlwt,-801,90,-275
zodj,-825,202,2
ztgk,-223,-533,-558
tuku,-2,806,9
ocda,724,759,-480
gheo,937,182,382
rjtf,468,-767,389
atuw,387,-35,256
qcxq,927,-227,664
hlzy,258,-193,-477
ysil,958,-306,-441
yajp,602,-858,-10
aqti,581,616,-995
bezc,122,-872,318
dkhw,480,527,-461
cmpn,-146,737,101
zdqf,641,-916,615
stkh,-812,651,663
ahuj,436,-841,472
mlzl,477,865,-764
nrxl,-866,-73,764
yulh,198,934,661
mtiw,-36,-273,128
chzq,-636,-708,-187
gtfc,-859,-556,-374
liqr,-131,-823,-921
itlj,-325,-124,-534
qhig,-407,-707,-204
ctml,-505,-764,-344
whyb,327,-489,-449
twkw,-809,-34,-972
frsq,-660,141,-920
uoyu,-569,383,410
pkpe,237,-328,-41
rjqj,-210,601,-480
mgwn,33,177,432
ollg,-955,320,954
kaok,469,-529,287
yhyx,558,178,391
uhzd,-149,-823,91
nvdb,-963,47,928
itsx,890,581,195
lyee,-331,872,531
iqix,-648,693,-587
mndp,-127,-53,890
lkph,967,608,55
pgvg,-965,-92,972
roph,73,395,-733
ospe,-509,785,400
hrhf,-631,948,736
twsh,-1000,988,919
gzqy,379,711,36
yarl,-3,-393,216
ajwn,321,-150,-225
bmgk,776,260,-741
dtgs,-629,-423,-389
lzlv,322,260,579
npnz,839,-341,-479
ltmy,750,-4,-1000
ujsj,-556,526,284
qpsy,-579,32,861
qnut,700,622,49
jcxo,160,-658,62
jpfg,-768,-220,-63
gbik,-992,640,774
jhbf,664,964,42
mqlc,-999,442,421
iwsj,-885,-134,45
fblm,-220,-633,830
muld,-827,206,824
tpby,-546,686,916
sdqn,111,-847,-634
ypld,108,-936,-385
szhh,803,-96,-94
tybq,-665,-260,-238
upas,717,-56,-856
edmd,-590,-598,740
oemw,291,464,515
mquv,737,287,717
qyje,-206,439,570
klay,222,838,-308
yavr,221,761,-868
arod,231,309,913
jebs,669,797,661
liye,379,379,466
aywl,468,356,-252
dwxq,749,121,538
ttev,463,115,77
pwkx,156,277,731
zyuz,508,628,263
bttp,-934,581,-705
liay,-353,-994,245
nhsi,449,-721,829
pile,-225,-55,925
nmkh,-415,707,804
ugkx,593,-376,377
npjh,321,528,-768
bnii,-613,-586,927
ujtc,441,462,468
wjrs,-596,-807,225
dlte,321,849,138
ycej,942,-230,-400
cgcw,-307,493,-225
kars,393,-50,-494
nlfg,-641,-679,-98
hzwc,970,-547,-906
biac,35,901,728
tesg,-397,136,-270
mzwl,-449,557,-946
usgd,951,-197,-997
uoqn,282,-972,528
kcmb,-327,-137,801
ivoi,-929,-426,921
aaaf,-706,-302,-861
mwgi,-805,-958,375
ayou,892,507,-194
kiqq,-580,698,-659
knfi,403,625,109
kbot,-756,728,-114
acok,-331,727,-890
wkmz,-21,-3,560
fbdb,-474,-41,174
ndlq,582,565,-143
sroz,594,541,548
aftg,-296,-565,-98
zypz,-122,-825,405
wpzq,390,975,-51
ksah,-979,972,682
yaep,390,-484,1
aepl,319,-530,-444
niza,999,185,345
hvsx,423,868,-73
mdpr,876,-825,283
fdwz,661,-212,220
vfel,650,365,870
ajxg,727,520,38
eolj,881,726,794
dcmb,-204,-177,-377
smxv,-601,207,510
wcao,-210,-109,142
qvka,-839,323,-632
suwv,-688,-595,-795
gmxu,-676,-746,-762
jfmj,919,604,-639
bxke,-270,283,-533
ubaq,-228,-570,917
oona,649,-137,-687
ymxx,322,535,979
lkcl,-837,393,206
lqfq,513,854,-819
njst,594,-487,-790
pdts,-108,-322,742
adrp,-752,478,-287
hful,-80,-801,-219
bhks,-773,885,-848
feci,836,546,-123
rdol,929,-857,-187
cfwd,-988,504,-568
ojiv,170,66,-405
mvar,270,272,-482
fjzo,-125,579,-943
zdyd,-535,-88,472
mmne,-267,-985,-216
uhfk,511,283,906
zyip,-122,419,618
mwvi,-883,-95,-448
kwvj,-461,-436,791
ralk,524,-592,-348
ibus,-714,-806,-491
gjtm,-695,709,28
aepm,-27,-873,-193
cxgx,-783,648,572
kvyt,624,947,-610
oyez,-565,817,726
lzwe,-252,-884,-713
uorr,-248,-106,121
ubcj,-71,889,-874
hlyy,-795,929,-413
aldi,110,760,992
jnko,-212,858,-810
ffmm,-485,-156,560
ztps,-740,563,118
iquk,-630,891,228
bsln,-107,391,-882
kdro,106,360,-488
podm,648,73,-972
yjzb,743,-83,-996
edgj,760,-167,-46
clau,-575,-813,-956
rood,-170,312,-560
okiz,-224,749,-485
vhcl,570,643,-952
rqvt,-120,718,-632
jrcy,-688,-727,832
fqdw,29,118,514
zyoh,945,-263,-653
cyzc,-545,-889,370
nkia,77,-936,89
iqqx,-519,-628,-384
clsh,218,125,730
jghc,-374,816,-145
pqvh,-321,-171,-220
ivto,728,643,-256
yett,-869,-157,-161
gejl,524,-917,870
gwxn,-351,248,399
rzun,141,880,-620
mcpv,13,-788,-165
wsns,-326,-788,-528
omhw,-628,-753,408
ahbb,-341,968,404
admx,-743,797,-824
fmzn,717,-994,978
xcpd,227,-978,929
rked,116,844,-142
kpqj,713,-391,-225
nexz,-636,505,537
zdfu,278,-729,330
jfeb,-186,36,-391
clqf,-988,-768,-281
dcnw,-828,809,194
cyfw,-850,-675,-615
jmjv,-864,414,-603
qugf,-606,74,-464
ypnu,666,-177,313
qdqg,497,800,562
qsjv,391,-883,-703
vrsh,894,-871,298
yiqd,926,-69,386
dodp,-155,512,-451
vzws,-572,30,350
tpif,247,499,-783
rkmc,-602,-119,887
umsn,918,365,22
lbnd,-844,-91,619
zzny,-301,460,-232
tgef,393,-248,274
sxwz,-610,-598,998
hqqx,-873,-687,-196
xyzy,463,221,-399
nobr,-666,-1000,-535
tman,-657,-170,791
mrqa,560,976,983
tejn,-123,145,-853
qqya,-4,-486,-167
invo,-318,-753,-189
dvuh,-300,-561,-189
wfkq,-933,-62,-398
oyne,-631,-787,633
zuju,31,-408,-858
zwco,565,632,537
jhuf,84,-129,-430
eejq,-243,-757,-376
aypj,-68,-859,-816
pyzx,661,-460,236
aetf,-911,147,625
dquy,685,64,-168
kggu,-99,896,987
qxmu,981,387,-686
ncwr,873,-817,41
mqli,791,23,-603
saaz,763,-600,-412
qdul,941,507,-324
xczb,-942,-585,-348
dzxr,177,-778,-302
nfmy,-396,-38,-878
ufrf,140,691,-314
mqrf,-769,534,-161
uwkh,444,272,588
ldvc,-783,-955,-614
qkpw,122,-289,-21
nrrq,-174,-14,80
stng,-386,-622,-32
eobp,-241,-261,300
ugig,-520,780,618
ojkq,-933,-862,-3
uxim,-118,829,318
chfv,547,-138,-530
puqe,942,980,686
zixt,372,-143,908
ybik,-688,-507,-814
nkzb,186,734,-247
nsim,904,218,-1000
ccbk,389,894,389
djyo,963,62,-683
zepp,329,-41,900
avlc,476,354,-573
avzl,775,-384,272
vrpp,-814,939,-269
kube,812,541,700
wslc,-491,-41,-484
cdgf,-614,71,-95
kwak,394,729,94
tims,67,751,272
kasp,-417,483,-139
ugfe,166,733,978
amod,-431,533,766
sdcf,-268,-243,87
kczc,982,-806,549
yqlk,117,-313,-1000
pjds,-383,776,-273
ritr,309,211,-149
svsi,-611,-761,491
fxvk,-1000,13,-635
gajn,708,680,-152
hpba,-112,-594,-475
ukjt,70,372,-752
xfez,-832,-791,-516
grvl,736,-135,324
uqhv,-57,472,-156
ihuc,-816,-356,-36
hdut,-57,376,-845
rwys,-562,-138,-276
vlmr,-558,-558,-628
aytd,-303,981,581
vpzp,70,-130,651
kilz,703,700,784
xdfk,-35,378,985
pxkp,-7,215,618
afbr,253,-125,826
rxsz,-342,860,-958
gvsb,-352,697,-591
uqdv,-84,971,-298
rzkt,286,-247,275
etru,989,-177,-449
zxhi,-333,413,979
cvtd,438,-619,316
adar,52,228,-933
weap,637,-561,-446
jlgn,563,-905,990
oiod,-264,168,-550
sbjr,-701,521,-950
pqln,803,945,-445
kuei,-86,-12,240
ibkl,-819,-495,278
dgig,-734,3,619
iuzk,-360,147,892
shhj,909,669,603
uqnt,793,-584,-430
xvto,-892,159,978
obnz,-452,-866,949
iawn,-514,-14,-760
tqcl,472,-319,698
hwyd,723,-733,194
ryxl,945,-455,-807
qkua,591,966,-460
dquj,-602,674,795
xlom,-119,-618,798
ftpy,-93,480,389
kcwp,-317,675,737
eomy,-388,385,597
cvli,-276,125,275
ugll,-432,-95,-30
cgna,-890,-556,429
svci,-849,-456,110
gbyz,449,641,-405
xdsm,-89,-52,715
ninn,-581,-39,880
dxso,-958,-602,432
megw,504,387,-58
uedv,-46,-977,-445
lkwm,-663,-658,-469
lqdy,287,-697,-364
gyvk,-616,-875,-521
rswn,574,-347,-922
bbpq,-187,791,938
yukl,819,896,407
yqpi,851,-363,129
fwbx,-616,-127,-832
pmoi,-925,-787,474
usxc,329,206,-516
nrdl,-844,743,86
fmat,301,-711,-73
plfb,-27,909,154
nlvj,801,-611,-636
ohav,522,515,198
dwmy,467,-421,-104
pkgt,-433,72,464
hpzc,-346,2,-473
sqjr,996,302,-592
xnfj,226,-714,71
rcie,-116,15,-100
jwga,880,622,-35
hcla,-967,798,-238
tkog,-923,-630,472
pwuy,154,-224,380
wtzo,-290,-195,-562
lnik,-489,515,-163
dxlt,531,740,0
litq,972,125,-812
zdyu,868,207,-694
tuhc,270,264,274
fyrf,-183,101,-201
iwvx,206,-557,-513
wsdl,989,-962,236
pwgv,351,-537,-129
aatu,-73,-23,556
dhvl,-48,125,-984
xnes,-376,703,-745
mimp,-962,824,820
omnt,281,-250,-558
vjib,-184,-747,-430
kacc,-228,260,407
kkoz,20,236,276
ijsq,-299,440,-823
rxka,-711,-824,-919
icdf,-126,182,-748
jbia,-267,-279,592
klbk,642,-125,-393
shtn,-543,-136,-510
ofcj,927,48,747
wbsu,-242,-976,-200
spmg,69,21,-116
znbn,492,342,-547
iyoq,-311,421,-565
nelv,-361,882,-274
cyfn,-430,792,963
ueyv,923,189,-776
gttp,896,-5,-167
cmcb,-356,374,818
epqy,-589,-958,653
lfut,-730,742,778
gwzz,142,532,524
tufi,-49,279,-668
xubv,-412,-28,549
ircm,433,779,13
hxez,962,417,-407
rwbx,878,754,-416
wzjy,137,147,324
djds,-888,-379,-999
eekw,-612,803,-773
nwfx,247,622,-771
rbuh,565,181,-268
uhjk,-787,-190,-474
ogtl,-479,-385,753
tkau,-688,966,-352
jcdz,593,270,-408
sctx,168,644,845
xass,310,364,222
eisk,-895,-874,827
ceif,986,-930,664
dcni,300,-549,-565
rift,-778,982,920
ikkc,-585,597,430
ahdl,-494,436,364
eixt,-814,585,-675
cnlv,-170,544,-455
ezow,-9,-542,155
mhnh,-434,303,322
ipyl,-487,-998,-49
xcwr,-705,853,930
blxe,-854,689,-465
bcws,-643,-26,-202
fjgo,768,-473,-836
wwdl,480,857,-720
myjd,705,-661,-132
wazs,-455,287,-500
vxup,-585,285,-821
dzli,-952,-173,903
xiek,-239,507,542
ywhw,-970,647,-895
bjox,-566,700,196
vvzb,-859,-500,-815
fvdf,554,72,417
voux,-811,-477,-575
rffk,-790,-160,-121
yfmw,699,-85,-751
unsz,-571,-841,-611
yyoz,110,0,753
seaf,53,316,-307
brjf,569,222,-444
tgno,-364,-812,-363
hnan,977,-246,638
cjif,-546,-855,-182
dukx,-790,62,881
fwnu,349,981,475
soih,841,-705,-487
duhq,-672,-573,541
fqeq,-807,139,383
njgo,41,-65,-774
mzfh,-200,700,-619
rkkc,-997,-765,886
itay,883,512,-470
uket,985,674,-745
enrh,557,829,-97
awem,-770,-839,471
itin,297,152,615
eiqs,-206,-683,-708
iyry,507,-894,691
wybi,-690,60,-800
zfnn,944,-732,-728
boso,903,340,-472
wuph,-810,-826,711
nuwk,-78,620,126
phox,296,342,193
hcgv,-197,-313,-755
wnaf,-202,210,-864
absy,-644,815,-450
wjke,274,-330,-44
jgco,90,824,457
spkg,942,-875,-614
niya,626,151,-784
unax,295,-32,-830
fseu,824,-865,-453
vbba,653,-454,-932
sjab,-288,-561,-323
suxe,-963,61,92
wjwd,-395,705,557
vidw,-356,654,526
suvk,551,266,710
xszd,-260,-492,-812
diag,-494,432,-846
nvha,604,-404,986
ucoq,-234,-450,715
smwc,-157,-22,786
iooo,-288,118,-433
zhcw,258,258,466
ziot,-616,-302,-45
orjp,-429,-550,-42
butb,-164,-936,-128
vdkm,373,430,276
mbca,-743,-342,90
yszn,560,362,-797
dndi,105,-336,177
ugun,-603,607,593
ehtr,505,-773,-353
iszi,658,-904,-231
pwgl,651,927,854
hsih,187,-23,-236
rctd,-776,712,-351
ryah,322,535,-534
rfie,-653,732,246
ully,-387,-210,-295
etox,766,344,-302
ainn,-679,323,997
wija,-683,256,-309
hutq,935,995,-422
eyzo,-951,538,-341
sxzm,890,-932,969
pnfv,296,-258,-152
kdse,-841,357,-790
sprh,906,-793,-575
jxrl,211,291,-831
vlhl,-807,201,-836
sukq,140,387,-902
ibnb,-175,630,-968
qita,965,-842,927
ylwq,-661,730,-573
nrgu,-402,-978,966
bkur,-109,563,120
hidc,126,261,526
lprm,531,-859,-843
wlkv,-766,142,641
nogt,838,429,-589
owco,546,17,128
yhur,-461,683,106
xrfz,942,-826,-798
lerh,170,-393,955
llcp,-784,-859,-906
ixew,-825,388,130
avai,393,-332,-527
dmut,780,-7,-866
udqb,-465,-442,-531
ttpz,-287,-102,-541
hlmw,273,-785,980
isar,-507,78,825
rqzk,-935,47,901
ztmv,-345,-526,411
pakz,71,688,55
sntq,-50,-809,-896
lkkx,-402,89,-413
kqmb,924,-720,-385
aefo,-146,409,656
ccec,602,-600,-395
ebyb,-645,716,244
gvhh,447,-806,50
jtfw,718,694,-285
afqr,730,-965,702
cvfv,-717,583,765
qdsj,335,524,755
kunj,778,-561,264
yuqi,-47,-10,599
euhv,113,17,-557
hfrj,80,289,568
ahtv,-289,-71,559
hpjy,-166,408,-55
fpfr,808,574,837
kevi,-921,-127,-943
jphr,461,-783,613
fyot,267,-611,849
rqxq,941,-812,-848
yzhp,-196,461,148
bzfm,292,173,878
flxt,-604,393,-934
fbms,927,602,-415
kciq,-483,824,-343
qmpx,949,-874,262
axcb,-438,138,-523
ghql,-803,-223,-834
kbvd,-930,989,260
hquh,-798,734,-577
iijz,718,212,-413
scdn,-571,-102,-74
xsiz,359,131,212
nclq,-772,-87,-940
sphp,549,226,164
zwjd,430,377,960
unyx,882,199,232
pwaw,-736,131,55
hzqf,-148,-476,-848
bbea,637,-890,698
idej,-104,-424,-54
pydv,70,-985,-451
nkpt,408,-354,345
veuh,-654,-16,-366
jetf,-930,192,-978
ndkq,443,-898,-790
jehe,847,15,560
lkvu,468,-101,175
tbec,906,-610,-187
jcur,-474,192,-703
rsyl,269,-472,-591
zqge,428,942,162
jzyo,-372,-801,725
rolp,797,-437,-685
zyye,-113,363,207
qcvi,-893,-125,920
tveg,-575,-707,524
kakv,-819,10,910
hcyl,78,766,-379
hghw,47,148,453
vbqu,-385,-77,-604
kdsj,-785,958,-969
oenb,-553,-196,90
sqeh,-139,-880,574
rvjr,-365,746,-121
iinq,-769,280,-194
jjgq,799,-112,-133
frck,-55,-597,519
nwev,-965,-376,-991
ffbw,715,482,432
hgij,-583,-634,-329
ialf,345,606,964
tvzb,343,-810,-651
jece,438,168,-133
ljrl,884,767,-346
wnth,-819,-906,960
mmif,738,-957,14
wini,-68,199,-600
gxcy,881,-584,29
qsgr,451,460,50
zndx,158,-923,868
qkex,725,482,714
ybea,357,-706,-837
mepu,-592,418,-413
izzp,136,469,-591
jkrm,38,581,-502
bmmf,389,925,561
pyqm,852,-646,398
pdxh,-337,890,556
qddc,963,167,334
rufv,-505,-115,-65
qcwr,439,764,-619
nsyv,938,-768,-776
okjo,686,146,131
kynm,501,-858,-168
ksoj,-521,380,9
qdbd,536,-363,972
uvzc,-80,474,-199
wtkj,-487,-462,268
hrce,360,-78,-513
suuh,155,-935,-340
dhgq,-901,-896,-234
xgyn,-814,-846,967
kjyl,823,-390,-630
nbmr,-351,-489,-181
gxhb,241,-368,-578
kxgh,355,-767,-25
skct,-857,283,-618
tijg,-967,327,-779
sign,225,-660,891
biom,291,532,-648
fprh,-525,600,-43
qrhe,-603,-808,65
sbtv,700,-395,888
qcaz,391,7,-665
qysn,-725,140,-322
wakc,768,347,728
semi,-99,25,-54
hapw,123,-296,-56
xgcq,503,491,-858
fpjg,-744,-643,560
qisj,-9,531,497
crml,423,-879,-171
watx,-636,73,-779
tfgc,705,704,669
dqub,444,-169,-125
pbqq,-226,782,722
cdge,529,-381,-67
erjc,-809,527,724
uvvm,774,436,-568
fzpr,415,382,671
sfoz,-122,584,218
qown,670,807,-642
kxkv,-169,94,960
atpb,964,909,-962
fugd,504,941,4
kcii,-54,665,683
jfnh,728,-366,-705
pqcs,417,699,-396
hnkd,770,326,-583
yafa,-69,986,-23
wqnf,-107,-727,-976
pszo,566,-726,702
cunh,231,294,-340
vkto,813,-937,-39
wrnh,917,-616,990
bdgi,-660,474,-492
wotu,322,359,-408
hlie,-450,-354,409
mekv,-215,-970,-879
yote,614,211,-527
ivkp,991,651,-253
vhpg,940,279,507
cvhw,-59,-596,-659
gedq,-987,-540,-62
obvl,829,-485,-241
wjhe,786,-176,631
lelv,-880,-466,419
qgja,-813,956,219
ezjh,-967,631,821
issf,-754,-528,-558
gawm,-230,333,664
dbjg,-614,-138,-967
avyt,126,-65,-368
riei,905,-762,429
jznp,-819,669,-106
optr,49,-477,467
aqiz,-640,-65,-687
efzw,-238,-247,527
gcss,998,101,353
dera,-998,-375,358
srsw,313,-268,-565
deyo,-601,-822,-118
msui,-493,-594,-943
dpes,368,-105,-697
ihkr,-592,140,-370
wppz,371,143,131
srrh,-208,-949,-470
wfxw,-690,-994,-478
jxrj,612,405,614
xsdf,354,-721,-248
kpvn,562,538,-62
xhfk,550,702,794
zevm,893,-524,529
lglb,834,-155,-832
zrgn,346,-945,-915
lxzi,-397,995,621
dghf,-987,-737,-389
dkim,186,956,499
hrvm,825,-714,-154
kjma,246,327,-276
apfn,-515,-943,-981
kuig,-310,466,-871
cpav,672,-746,964
hajp,221,52,348
puhq,890,-509,72
hhtm,177,115,-75
janl,-218,-911,810
kcky,88,267,-652
mjpg,184,-735,-643
hebb,-250,460,-153
sxjy,-145,759,-538
xmdv,900,36,-915
cvun,-355,477,660
xwgh,-802,-393,-621
edja,-885,278,-368
tbdi,-187,688,-97
qsiv,646,-993,-466
zioq,-149,30,78
llos,-697,637,-611
vlbm,-457,-678,48
xyzf,34,-72,-59
lfhb,374,257,-220
fsvl,529,-97,-746
aiai,-184,-286,745
tqmu,-406,120,700
jmkh,-136,-834,428
edvt,-980,71,548
fnmj,125,-636,-334
rkwv,195,-222,-807
sbak,921,-807,-148
yrar,739,343,764
tock,347,-619,391
gpei,-82,-231,-414
tzip,895,-381,990
full,809,500,-27
pxxd,697,-336,-833
dbnv,144,634,749
lpab,-280,-604,177
mfqx,7,-653,761
prqw,-425,675,736
valw,537,-633,-170
xihs,-452,-354,-954
lthx,-390,676,-207
ykog,-444,-807,-440
orab,-155,-159,569
gztl,-477,830,596
djco,-538,-101,-13
wmou,-915,512,668
kmqj,108,-584,-8
omzs,-910,-961,-30
ydzf,485,-583,45
danh,-123,-575,-112
kcwe,-223,-960,-947
fvwv,-575,942,339
rcru,659,-365,-136
dpjb,779,-338,-269
iwgl,911,346,-915
jwlj,116,170,602
thoa,116,632,-914
yifo,459,674,-544
qsqf,224,906,-421
vdfp,796,803,190
zuov,-341,597,-482
jwgo,-813,-227,794
yrol,-398,-713,-815
reed,-983,-736,388
weut,-28,352,-862
drww,662,81,-916
gmgv,-761,522,-108
ljec,388,-24,-7
xisl,-820,753,580
mfsl,-165,435,933
egav,282,-261,-932
mhqe,971,-774,-715
hexr,169,994,-740
npan,441,-239,461
dzga,-893,736,-987
vtby,-956,887,-925
xbyp,600,887,587
gtpb,-734,961,-898
zwgl,-655,-339,-120
rjqs,-641,-644,-965
unmo,794,273,-667
kany,387,-519,434
pbaa,154,-749,-60
eigq,988,-273,-557
fxdf,399,217,-839
ykqr,-743,-991,705
tzop,362,-709,370
wfra,58,-923,922
drfu,-237,682,451
rujl,-762,-971,63
nzsr,-725,780,-629
grko,49,248,-35
qrdd,830,643,-459
yfle,-189,-637,-297
noyz,713,-648,79
zeha,-700,148,452
cyre,259,391,264
qcuj,89,-591,90
joyt,650,-25,816
cdoh,-387,779,-406
umbu,-865,607,90
yxrc,387,85,437
akzy,-603,903,961
ikhw,-634,893,-934
wntg,695,-918,-719
ufwm,179,608,611
jcxc,885,64,634
yczc,-528,-673,580
vpxm,145,734,271
yxze,-9,-632,-453
mbay,-54,421,-867
wipz,-716,-485,-63
lwuv,-25,523,-216
lzlc,-917,995,618
ycqk,600,879,-428
wdxc,-326,896,817
aazk,-71,589,916
sqji,454,994,201
iohn,-276,-567,-353
wpuq,-34,581,470
vylc,854,551,281
vjua,674,150,772
cgvv,457,-745,920
iuaq,-553,-183,-324
eakf,593,-743,321
jpii,-829,275,-614
zlah,-83,327,544
dliy,-344,310,-552
sjsd,-541,-702,-489
ultj,614,-360,529
hcmv,-969,-351,-174
rjbp,908,-550,732
vrdg,447,-222,-770
wgyq,-559,753,-692
brdj,723,-651,-462
cdvt,104,247,-719
lubu,892,956,-482
vrov,-991,-940,530
kwtg,574,-372,194
qmer,296,-504,-555
vyae,673,449,63
pyqf,-599,674,720
enmc,-71,-965,-449
cjaw,-595,-892,38
uyum,-1,-879,-343
ortu,-472,665,-349
mpvs,844,758,459
psqg,-355,383,-720
acsr,698,-918,-338
jmnu,-580,228,-244
dmzq,-881,-179,322
wwza,-107,-403,39
fgup,-961,548,269
cews,-372,-128,754
knlj,-271,561,868
tdsq,358,-870,-908
fosq,-912,183,490
kfuy,-243,780,-889
qskn,-507,-969,-684
zxhs,-904,-325,26
qolp,498,520,157
yefs,516,668,906
eber,-176,-43,-304
ibgg,-894,227,-149
bcja,-747,-779,-671
dnjl,190,249,983
ubhh,-133,-899,-28
tzbj,143,276,231
qhdj,477,515,958
bnbj,962,297,646
mbtu,-523,-59,327
hcfu,-325,197,-798
bzbe,87,-35,-421
jmxr,-775,878,367
azax,-746,-100,-158
yfzr,-887,-95,-321
iffj,970,-433,280
ilrx,576,541,-5
wgns,218,215,972
dhpf,351,668,219
lvcw,-376,-126,57
pdva,391,-441,-578
zvzk,815,399,122
zdap,73,693,-987
unby,-376,-835,759
pzyx,-925,209,504
fgzz,517,845,575
xiew,169,698,848
isfp,24,-3,743
jler,-299,231,-420
wrkr,713,-505,-666
zyrd,-97,299,907
hxgr,-412,877,-393
fdek,636,-892,868
trlh,-140,-569,648
bdrr,-178,-129,-519
llkz,-949,486,-45
dznl,-265,-528,-670
sxtn,-521,-349,294
pkzf,630,142,-956
wizz,-767,384,-298
iylj,861,376,-59
ygqw,526,326,818
aiux,-538,232,-803
ukfw,-367,438,583
fofg,634,-768,-602
snqy,479,713,-260
ufza,-276,955,-849
ltce,307,517,-842
ijth,-538,-148,-935
rtxg,-762,917,-133
tzyt,-663,-889,170
mudw,31,-725,-79
gdzi,-622,-142,201
xaai,274,-254,-20
xjpa,555,838,925
kaeo,-911,237,702
ihnp,752,-258,-857
mdhx,-476,464,63
htur,414,-15,-272
kyfs,34,957,-243
qhsa,-525,-288,705
tenw,-128,70,-698
dpdc,870,-974,999
ccsa,967,59,-142
zqxg,-286,342,-410
bqgj,-958,192,-436
zbut,-463,721,706
kkqp,948,-318,-313
wxtz,-862,64,583
kyqb,-895,357,-412
dcke,-446,645,-41
srmd,498,253,898
vtko,161,790,873
lhcf,389,173,847
nqkq,-324,232,190
piwo,-587,-393,383
ivut,-728,423,-574
skwa,-67,770,953
ifth,-793,-464,-763
keut,-107,102,878
ltaz,-41,-751,-568
bsss,-771,-565,5
ilhn,419,-672,344
qwse,181,67,-658
pqce,600,-577,-450
qnqj,-893,-498,-308
hkah,71,-915,927
rqrx,475,239,-632
wlao,330,983,633
becm,-523,-962,-127
xhof,-334,804,-652
kipb,544,-553,55
wlpo,641,769,-241
otnh,-896,103,-147
etja,822,672,-455
tije,-369,414,766
aqsi,539,314,-47
ntpm,-909,481,56
dufj,-622,87,19
uzec,-728,815,503
kcsr,-602,451,-12
mggr,-553,568,-454
aunx,788,549,-989
mhvx,-402,598,586
rwtg,-762,-549,-321
lhpw,476,194,272
guxw,562,985,903
tudq,338,-104,-342
tqyg,687,-680,322
vraj,902,-201,-744
flhf,426,523,423
jotr,558,-160,-597
btwr,-596,985,97
mlqd,585,678,-12
tbpj,461,319,-912
ahgt,613,87,-49
hado,581,278,-575
jtfi,-452,630,223
nsdv,-211,700,25
edza,-156,-994,353
kqua,-136,-810,-194
kxzh,-445,437,133
pptd,838,944,-244
bsxs,312,-658,830
ybgn,-818,-924,-388
inlg,-106,344,408
mvye,-748,294,-310
nzbu,909,604,-736
gyju,-84,53,-276
lzil,-193,233,-859
hjkh,-851,-766,937
rsjw,-323,-934,-591
ydad,253,769,721
eebs,-751,-61,163
lbwj,757,862,557
mybt,-66,-478,721
noyy,-331,-947,-214
vtwz,882,-827,791
ttux,-467,-336,779
koqn,-123,79,721
mklj,-864,-55,257
dpxt,-293,-488,795
ukpl,-652,-340,-354
dytt,-835,-210,-585
nezz,-129,219,927
ohsc,-190,-281,-731
gucv,-822,178,693
ifez,674,529,-65
lwqd,862,731,568
kcse,822,726,372
zokc,980,-835,507
vhdp,-820,-533,448
yceo,-103,-978,442
ajii,403,-15,-17
pxon,-126,-172,-909
nhkj,539,-310,654
pnax,-900,35,498
jvfa,285,459,-828
xtgo,327,712,-523
pklw,994,-745,-589
yscu,-219,672,-35
anqr,755,557,-879
ervv,254,424,832
oguc,-856,-994,-539
lfmj,595,488,-456
yksy,408,-652,340
ooaw,700,432,-832
yzky,321,-969,532
ttxa,-910,-889,-409
wovp,-18,-821,-913
axrp,-836,-341,-629
ucju,613,-638,-137
ycce,856,-963,-54
gxvh,818,-128,610
bhkq,-32,647,-290
ivzp,488,-693,-664
wbbs,-20,349,144
uxqw,-713,928,-112
yqta,475,83,-676
cwih,626,-835,-534
ioje,826,-182,-553
stow,-237,-677,-644
tfzx,486,44,-894
bmsi,771,-296,-592
ubpd,-155,127,943
xsak,-474,-214,522
btva,-89,722,-604
mjgi,859,952,-678
ltvp,-23,-973,-186
nsij,187,403,-73
bfve,73,-588,901
jzpa,9,-920,-129
apar,-489,604,-828
xgiw,687,365,394
qgfw,962,168,97
qnlo,987,763,-421
yurd,401,207,-298
rqnj,-852,-20,-680
xtgx,-600,18,720
vhog,674,678,798
zmii,-645,-916,590
mjkg,-975,-750,87
bxsf,-131,-155,807
worq,398,698,-227
nrol,-548,-119,509
rjds,-941,-499,-85
xsfe,130,244,-753
kcbm,762,-445,-600
jvbj,34,-869,127
rpop,-308,-218,-150
nzer,-122,-156,-316
bvmz,-45,201,105
qghi,754,-964,-594
ltgn,-546,987,686
uqks,987,-810,451
bbke,455,685,-84
iees,409,819,905
lfmz,677,-854,117
bbqd,21,-479,-958
nwjn,-433,174,-146
dern,952,-111,21
kwop,867,-411,-924
qbia,449,275,194
qrnk,692,717,-516
qumc,374,729,-662
wsls,-760,412,-39
ypxh,-198,921,-385
qajy,-938,-736,-95
orcs,-56,332,535
zznk,122,786,-260
vgto,-776,150,63
uznc,739,847,251
khda,-778,912,686
pyhp,748,-652,-321
klnz,609,502,-265
gasp,-262,889,-12
qqpa,-89,-743,-378
itzp,-931,-929,312
fafm,-703,-352,-85
ljtj,562,267,715
vlvv,381,-290,-36
yxnn,-193,487,-45
gayo,49,820,42
rsbm,-320,-193,-330
gtar,-869,709,394
uidy,366,673,292
xffi,-543,-848,-831
mmaq,946,-817,433
ackd,-42,-286,-137
ljoz,901,162,4
kexu,525,-47,-71
vvps,376,216,-767
gzuc,763,960,483
cwul,200,-270,-558
tfev,-782,239,397
sjpl,-302,986,-472
upkg,518,529,-637
lmkb,388,297,781
emtr,104,-431,984
wkrz,671,-820,613
eogd,-469,475,-847
ovnj,47,-209,977
rvkw,-314,71,528
dkyw,-299,-100,-587
qclb,-869,-141,556
epnw,-942,819,-696
jeqy,234,-553,22
stcq,770,792,-881
mads,104,750,259
rzsi,465,-930,-129
pxbm,339,435,-745
fkbm,85,374,-743
rolj,798,565,167
zyxq,-860,-658,611
pwgb,857,608,-779
yotu,592,-150,-426
ihuz,348,530,-965
nsie,-989,-537,-945
bndz,-105,-830,368
jcvv,-114,407,-958
nsbs,360,876,573
ehez,-212,-336,321
kapu,688,786,542
iain,893,767,678
dptj,493,537,-668
tmkl,-11,-66,346
jlnq,151,310,295
gxjq,-614,-68,669
xyma,-862,-455,-752
gyjn,-253,-221,25
kdmv,501,-79,-839
lubf,458,-687,-58
fxvy,-677,-301,-989
qxul,58,274,956
mxks,-603,-235,-759
kfwv,607,-638,791
kzkm,907,-465,-529
xmur,362,794,4
ehok,-127,457,552
xrtn,-707,-539,-931
htyl,-493,-210,-651
bipa,0,-203,-58
viby,805,-392,411
gfft,-912,-923,-321
azkn,817,746,838
irfh,-835,-902,-25
zouv,-600,1000,472
vjvq,665,-735,-579
hwti,-429,-575,300
xdav,137,-854,379
wzgr,602,-867,550
mqnt,250,523,-613
dibt,878,432,194
tpiz,531,296,361
ucmr,-483,764,-572
bywj,977,-248,415
vnfa,629,-418,995
ziqg,310,-852,-325
hvdz,-100,414,-339
gzlk,916,168,-439
lzky,-163,-729,629
ydvl,854,-961,823
hoez,-413,-870,260
pmae,-348,-885,-861
rjfv,428,-403,879
dyjh,-97,-836,-109
opuy,-270,-978,-204
nvbs,-39,739,839
sity,467,938,-706
tuar,136,-168,645
kqsk,282,654,-921
vunv,224,267,-659
tjjx,-103,-134,-952
tpth,-207,227,-967
cqmc,-232,129,-983
xlex,701,806,560
omad,-559,315,175
ciyx,509,760,276
xnsr,251,-636,476
vfsk,794,-659,66
aiqr,-423,686,-183
qocd,-313,520,-85
jhkz,-656,-633,512
mbfn,613,-691,632
rkds,331,-664,979
nagx,-295,-526,71
mpmj,631,-382,-183
facn,389,-530,296
dndx,-24,-990,567
kbjk,540,950,53
zeaj,-101,-200,220
hukm,902,-900,627
pxqy,-938,-319,-576
vtwn,637,206,548
csfq,-329,-676,-223
qqho,-440,-273,-883
xcvf,-219,39,-328
rubi,-509,-805,417
psuy,25,718,-732
uume,158,985,249
koyt,268,-378,-345
azys,902,86,-317
lacu,377,515,243
lfnl,-472,-959,-819
qzsm,693,666,-647
zjad,503,-864,-210
zjnn,326,-805,30
sdlv,674,-380,-93
bihn,-65,-796,-835
ivps,-285,-120,270
nnym,383,-215,-261
rgzb,618,416,731
nzno,557,673,982
hyao,-565,14,-854
rbpf,202,217,872
cmng,698,632,-363
rseo,419,-273,306
hmok,759,-625,-253
ptcv,858,822,338
ndsw,689,-408,-996
astq,94,324,974
rkjy,465,-508,372
fmil,-605,-685,-17
kyqj,-281,65,349
antx,-683,169,443
ajbt,426,-269,833
ijos,927,568,249
stpf,-703,-492,-637
yuth,-802,-974,-38
mpgy,901,869,-722
kdsr,-209,498,320
dnsg,-590,-94,586
lueo,468,595,713
slyv,806,164,-798
txnb,573,-997,-325
jkri,615,100,-655
uhna,-918,482,370
vxyv,-477,-767,-27
mwvf,408,-28,670
tqbn,44,-852,-682
rqfb,63,-315,107
pvwa,-800,-672,520
svso,295,794,-764
foiz,-751,-377,965
yglb,499,553,-693
vjec,-617,57,518
cacu,-35,-102,251
xwsv,359,-372,-808
qpxm,6,-536,710
cfkd,-648,-312,145
ldsf,-557,592,-108
bkud,-776,-733,-158
ymyo,727,-687,685
klhp,797,-571,783
gnvq,742,642,92
txhh,-786,-842,898
lxed,-578,463,701
lcda,-669,-919,-186
oqij,158,-750,337
robr,-985,-36,93
jbzm,212,-335,-142
izzo,454,-623,-190
pfge,1,-184,-58
mokd,-81,687,100
idze,102,-779,-842
vavq,-738,-510,-589
xfyw,-287,-966,675
dmfe,868,-958,920
kzov,538,-763,-844
mrqk,49,-794,593
lahh,-869,-275,155
uzox,-236,-553,-501
fxje,-182,516,930
jrme,-628,-832,256
opfr,315,234,-162
hqnh,-859,378,-325
qbcu,-15,-880,180
fwuj,-59,-26,-509
hkxo,300,906,-262
pufm,-378,40,333
lkxz,-91,829,956
usrj,-367,772,-760
omvf,479,-132,-566
coxs,432,-515,-746
uigo,569,181,-813
boek,202,533,-78
itvl,-507,324,-669
azmg,216,850,-980
jcgf,302,-313,-101
okal,-116,-9,-987
lfzi,481,-698,-285
husa,146,747,336
clde,392,516,464
fark,-804,447,775
fkfb,358,-817,-375
kdxc,284,415,644
boks,-653,463,919
eyqp,191,-522,-169
wevf,860,837,103
ayfu,744,-726,532
wlvq,664,725,-399
qbqu,910,-71,441
lpxk,776,17,-259
auvm,778,-213,674
crbu,234,21,-406
zknq,941,-770,897
esre,-924,367,-332
nrvp,-834,-820,-96
rtpr,848,-428,68
ffht,662,411,23
wfol,147,-885,-856
mcjm,-909,-564,-207
gtvt,741,-586,619
ueen,-328,958,166
jkdr,735,-347,289
hctu,-611,-6,-827
zrog,-782,-539,-535
gdcm,984,432,-322
ivzr,83,637,949
kvxd,774,-999,252
wgxe,-383,411,71
eoag,584,140,-340
rlfn,-224,400,947
ocly,583,-618,171
rine,-188,-394,746
fgcu,-319,812,795
cmdr,280,501,209
wlkw,-443,-704,219
fnhu,935,893,457
qioi,-237,212,964
euhq,-713,805,-56
epbo,-446,466,934
wzjo,-642,798,-610
jntk,806,-744,179
tovc,-476,-406,-144
dcpm,-207,634,-343
bkuv,-179,488,-915
guxf,194,-439,494
othq,355,900,598
ljob,312,-326,-127
lojr,-316,-516,-633
gejx,524,885,-864
fwdo,-308,-521,-206
buvo,-12,-937,-919
vqwa,962,795,750
kyvw,226,-78,-500
iiye,-774,-883,-135
gwbb,599,325,637
ahlx,761,368,-565
kqzl,-833,942,481
xkgn,-1,125,149
zbnu,-629,227,-657
qfyd,457,885,-694
krkm,330,156,476
urwz,946,-998,-373
fubu,-962,56,-558
dqpr,-611,-450,226
iecq,58,-754,46
trcw,544,-710,679
pnbs,484,273,-509
qfsp,-919,35,659
mudd,-641,-325,986
ekpc,653,383,188
disb,-923,-501,-879
ywrl,414,125,-853
dhoq,802,314,673
eprg,978,886,-377
cgnv,-937,52,-245
jens,-846,100,-434
igji,583,145,-217
rmdv,-746,-4,171
qhik,146,42,-820
hepv,410,-498,37
yztt,850,781,3
rcno,-474,-240,-254
wiru,861,128,275
iarc,163,617,586
fnoi,357,643,352
drkj,-437,-187,-131
crzo,558,-554,-555
zzix,-703,213,-175
bxvb,-566,-333,-818
esgo,-47,-200,581
ctbr,-804,945,-231
blgz,554,132,378
qskx,-945,-546,-63
namq,362,633,-677
euzd,-195,-208,298
wkpb,-597,354,-263
kdkt,136,-283,-184
zxwr,348,-733,-916
ltry,-794,-957,630
dbid,957,464,979
lqhd,-511,-795,407
rmor,640,-139,35
vahx,-860,807,-600
nqnj,-301,198,-218
vcrz,-559,-153,-164
ibbe,973,-431,476
arid,267,-106,-503
wbeg,945,481,459
xptt,-810,-338,857
qhad,563,-525,-633
cvxc,-933,169,-826
finc,540,467,177
burp,143,-522,412
gqqh,-600,862,-578
ycyq,870,610,117
yjhk,-969,-409,512
jora,376,707,783
azbt,-637,-314,337
tsdq,466,-451,348
ruwc,-784,297,-159
oofb,895,-430,-982
igji,-435,372,-878
pdzf,556,-684,858
jxij,985,-620,-479
ieda,323,-286,480
nagi,-316,-65,-726
zfhz,168,524,721
zvxk,-720,547,693
yhwg,962,-591,158
nytj,-777,648,338
sjsm,-308,-550,-58
hpwo,-210,905,400
thjw,305,-93,-385
huft,-573,-867,-803
qzem,59,-620,-118
ctnm,-264,755,151
yyul,566,357,-604
imyc,23,881,596
mydp,800,-529,139
ulxq,336,-678,-395
loyq,-92,-854,-392
gdhg,-15,948,285
hpnf,357,298,270
lcfs,-752,338,217
qyaa,207,-372,10
hknw,-750,-568,-592
svtz,141,143,-141
sngy,485,913,383
ksgm,-152,495,601
flhn,-325,-980,555
hvvs,434,-205,-899
vowj,-91,-764,-768
izdu,678,592,121
sdrd,-406,38,609
ibcm,525,-858,-809
ximv,609,523,-901
jtno,-352,-569,639
fzfs,-665,-831,-195
fbte,-124,-556,-763
jntd,451,-436,-797
tnjm,248,483,-937
dyyc,-62,-502,-736
wumd,557,-327,-744
nsrt,-151,-374,-861
okzv,-185,271,-223
kitq,-454,-877,-284
ahdc,770,-490,-282
kpth,490,-987,-343
sblx,-9,-340,-898
ntzl,442,-113,958
gtzm,193,-551,-47
ekpv,55,89,963
fbjw,-379,933,466
qjfh,969,634,-281
wpbe,612,904,-597
tqkp,-388,201,-622
ipzg,-588,412,993
wmny,350,88,-188
ifxs,-467,-227,-899
jega,-554,-701,-391
bgid,-723,977,996
etwp,391,-318,-227
ownb,795,-102,-556
vpwr,-622,915,742
rfde,-753,460,580
ubra,111,997,687
lxpv,901,-194,692
ajhc,-557,484,-361
nhvm,144,35,569
hxxg,687,-290,-358
zymp,-983,2,-121
rubm,-994,-253,-826
dzlq,968,-187,-315
nntm,201,-621,-460
xeol,-10,-529,304
zqre,-377,431,807
dvgz,-626,355,-402
rdgv,-345,-64,400
zkqm,487,-459,-676
qxmz,-97,939,480
iqoo,-698,-822,172
nxsc,-766,-90,551
wtll,784,212,684
uzbo,-446,-156,-972
jcjm,631,-184,-678
phkz,711,-484,-469
nccc,223,219,-868
pnbb,68,-581,463
rplu,651,725,-780
srdl,-649,-557,787
gxcd,-308,-50,-654
nzix,839,484,-968
ogza,-825,-542,-902
ugum,105,-909,-52
ushz,772,-176,25
vdzu,-985,189,-705
dmga,370,657,-802
psac,441,-852,-107
kikq,779,-702,-651
ehwx,4,-54,252
mukr,-235,-128,278
jile,-236,-510,-436
kwoy,-551,947,1
kwpk,204,205,-523
rruf,674,-895,-705
ipju,675,75,-817
vmkl,-991,-279,-765
lfsf,282,-591,-469
xdbf,821,258,885
ltjm,961,-607,-839
exsu,-782,-455,930
nlkv,194,77,978
tmzk,469,213,769
nezf,-947,567,-874
dvbn,-545,-362,-84
exfr,-803,-126,-763
ztyf,566,-991,143
deck,588,-398,473
trwl,-309,863,-174
spor,28,918,949
illn,184,198,-36
mzid,-532,316,611
jfys,-762,942,-795
neeu,894,673,-100
tdna,-944,-411,-633
fwhc,937,-557,642
iqbv,43,949,168
qyor,87,-737,-51
vtnp,-325,852,-797
yjne,-426,524,766
igbr,114,-559,722
wxzb,-941,302,-876
uhpp,735,201,482
aujq,-100,-600,-429
hvzf,735,608,41
tjhs,98,954,-728
lojj,380,387,-757
ynne,-844,611,-704
iwvv,-413,702,510
frcu,863,-738,250
zqvu,484,-8,276
wbfv,-633,-709,-388
njor,15,854,844
bqtf,537,154,297
mvni,-284,153,552
yagu,176,-605,-429
krnl,-854,-114,-571
vjhi,75,-913,247
wcoc,479,-523,-338
igjf,628,-4,-819
srii,576,-754,-596
fkfk,520,400,351
dxem,769,-14,906
svvm,-361,-705,-109
mhqx,247,166,-616
btdw,78,433,-26
whzi,-517,813,-375
cczl,837,438,-950
mixi,-985,-20,239
zaiu,-556,-371,322
raap,-936,-94,-509
xbch,-434,327,-528
ntzz,80,273,-246
kzdj,-871,823,30
hznz,605,175,-264
twun,-808,273,-917
mzxy,208,-246,456
kmjo,-245,-876,482
dxzl,366,543,-130
qkjf,359,138,546
qzud,0,22,-64
ylvc,753,-495,-643
uefl,-36,95,-340
awfr,109,-633,480
bevs,312,-607,861
weqg,981,216,387
ptvc,541,-968,351
bmjr,869,264,-806
jrfl,-710,-747,90
dedd,-510,905,657
rmgi,353,130,-927
xvlc,938,-383,-622
emcw,-97,-215,-738
lkae,-448,-431,-425
zpga,-114,-481,949
ykwa,-484,407,650
wpzv,-787,588,-691
ihss,-693,788,-634
dkwn,744,714,-55
aedc,83,-1,-78
qhtx,456,501,832
ylrl,-472,274,448
rsed,475,-935,93
dciz,-294,-226,-561
akbk,513,890,-905
kpoc,-942,235,865
cbja,-893,63,-528
jufp,-49,131,-162
xrig,-807,-34,494
mjzy,326,375,415
zdpz,663,-86,564
fmdb,102,-39,-605
zwgs,91,988,868
cphe,869,215,619
brra,-388,-45,-265
qmkc,483,580,-837
yxcj,615,-228,155
szyv,109,175,-100
gapb,-561,895,-891
ivim,-263,819,-457
fffg,267,-218,-296
idvb,-547,179,635
fxcb,-738,766,201
zuop,-338,140,607
iauf,723,379,-1000
cgne,141,486,-450
lqff,541,882,800
wvcv,-79,-48,0
qidw,-626,616,845
aztj,-332,383,108
mqcz,-247,752,797
rppp,272,-562,161
yogr,-352,521,474
zvik,63,633,-721
fsym,839,-676,843
ebis,-262,600,-509
figc,461,337,-689
dqzu,-367,541,-255
drvr,656,128,-551
ymfr,978,360,-272
vmji,677,-567,317
rese,514,-377,-45
cutq,-662,967,281
fflc,-993,337,-647
ljay,-552,-823,-966
iwqk,352,-552,579
qovn,-664,-969,-976
bsno,348,802,-106
mttf,-107,-36,643
wyur,-217,-273,296
uvhk,429,818,-720
eqqf,-446,540,-79
jqar,418,376,97
fwpc,-482,690,-51
ayyc,239,-986,-256
ohag,726,567,244
xbek,-812,2,517
yyuq,-415,76,-935
wlyv,469,-732,581
ragy,-992,-578,596
ozoq,486,-743,-341
vsgs,-686,836,390
bbwy,463,966,-227
apui,-324,-236,107
bpil,527,841,-468
afnb,-203,865,634
wpbl,-150,543,-499
hiaf,-344,513,-336
mpho,-169,745,814
becg,361,998,-338
bhgh,669,-35,-613
ahwd,-68,-443,-210
ohpc,-936,47,889
byrq,-330,-272,661
thyr,-596,-389,-314
fdes,-978,307,-99
igpc,-532,-725,-539
yxji,-255,-256,-278
udec,-186,45,89
kjkp,851,635,-975
scbi,773,-814,543
hgdb,578,576,653
ghfk,-978,-514,55
lpwb,821,-445,-397
ehoo,592,-800,-870
idam,-809,424,-113
djry,-606,-213,-3
rkhv,598,865,439
olyl,-822,-208,649
paee,790,-93,-124
exze,-555,552,-395
cuew,-612,847,665
gaia,-908,-43,-842
lsqi,581,882,-548
pkoo,170,11,138
wxbl,-539,705,-504
izow,689,169,443
slpn,634,-960,322
zdfj,149,474,-643
kfvl,961,662,-915
jpij,-868,-929,-926
kvkx,-303,-864,-206
hvve,-105,-451,297
yxdh,-224,339,614
mzym,146,889,365
tsle,909,-882,89
nqop,-761,-312,586
oxwe,773,520,81
larc,-31,-562,622
nocs,758,737,701
kcvf,410,640,423
kqwo,590,71,0
kjpm,-168,262,668
luzp,-859,-473,-955
czlf,-216,-441,139
plsp,355,184,-538
fsmt,-675,467,-930
bccf,-705,-694,239
swxi,-191,-213,-350
dxgg,-285,-950,-957
vggn,219,-205,869
lrzu,-299,118,836
jlqp,364,-310,-441
aycx,32,555,-34
xjse,-712,-82,767
kbup,-363,-937,991
salh,802,759,-719
erhb,-927,549,344
osvp,-591,622,-111
gmqc,698,-910,-46
ywrg,-595,-577,-81
igko,-148,-111,691
bfms,-170,280,-166
kwns,-618,-96,727
wzgp,-838,695,764
gfkn,800,25,-205
ulkj,-814,391,-895
pblv,261,-817,67
pwqs,-641,-862,-861
xshi,-15,715,-72
itcw,-539,511,-281
eqyx,571,440,8
blxv,-337,-579,911
iymf,-981,743,-35
plpd,-625,325,-535
ssxo,-137,-967,-528
onkp,-497,-739,773
ookw,716,-674,888
gpiy,510,428,943
qecw,815,467,-846
mhnk,299,-828,-190
cgrp,126,-573,-369
vaht,932,-864,-860
klge,-815,715,664
fjhc,-833,-61,-559
krpo,92,-721,305
mmkg,-321,-650,997
ucho,484,-227,42
xfmb,-296,-573,395
ltjy,615,-499,-404
bcig,677,970,-150
msat,-367,-888,-662
dimb,-856,-416,-77
xzzm,-955,-320,-552
vpdi,655,773,-903
khvo,-256,340,385
fqld,-804,-792,-922
udvk,-75,-39,90
uvpi,-960,172,975
xvig,707,369,-617
iapb,299,-706,-753
zukf,-263,371,-773
zfte,499,-434,-815
lmny,-267,877,-348
jfrl,121,249,-364
tcke,951,-990,-523
vobg,-936,-506,-240
zylv,-994,613,541
bjtm,-675,-563,-177
fhqa,172,13,-199
nysz,779,-468,-690
udgn,700,963,-931
fkls,-110,635,-636
rdhe,-906,842,691
agox,2,-855,191
roze,589,867,366
pvrl,-387,990,658
qjvx,289,-741,657
wtcq,-181,726,-651
jehw,22,-111,242
mhhm,-966,94,338
cgsg,-532,219,708
ykcl,654,-786,248
bflx,431,-330,249
hoej,-82,665,-871
gdeo,966,-330,-514
cvxt,604,346,-942
yvdu,466,-202,-657
ykky,749,18,-350
okuh,615,-299,-146
cndt,204,-853,284
rghn,-475,-984,43
wlmg,524,-729,291
yvrw,-872,-990,994
ncop,957,102,-198
vpaw,-439,535,856
whal,516,699,457
rwth,-723,966,-174
mvrp,55,-805,-929
egqs,-671,-784,-943
tiys,48,49,862
cevu,945,559,360
vdjc,203,-583,-108
ynyc,392,-138,141
xzkc,256,-20,-424
htpu,-5,74,-639
azrb,-979,549,-208
dubr,727,62,268
wkna,-194,271,-193
cbsd,-153,765,-420
qqdf,921,-148,-42
vnpe,356,457,-952
lmrp,-15,-758,737
kgwo,-913,-761,-757
kkeu,395,-790,-395
rcip,-279,259,559
ehsh,875,-877,206
zgce,-52,731,295
bivr,346,-237,730
wyxm,-788,-717,599
tbiv,-109,-964,221
ltxr,180,196,-77
mxrw,532,719,365
iiqt,297,618,-659
xdmf,428,41,-457
nkma,112,-93,-48
wvma,327,-181,824
fkoj,-371,-359,-223
hvjk,-684,-631,875
sakm,669,103,282
rjdi,965,475,382
byaq,-644,-945,723
zysi,347,-592,-997
qejz,310,58,956
uxop,772,-155,-255
whjr,-777,-339,652
kkjz,-211,811,121
menc,782,-131,-812
fshw,327,-476,554
vglb,-840,-980,983
drwa,751,-761,-308
ytkt,-390,156,-993
vqto,-20,207,-649
nxvd,-201,-674,148
oibn,149,-89,-852
xaic,941,582,-33
fjma,-816,112,-278
tdhc,646,465,-366
wron,708,423,866
tlqt,640,76,-170
eemp,-567,-363,-84
ycbq,350,125,-855
pgit,101,832,-625
ardr,-129,817,411
rmig,-124,-504,493
sfwp,-932,-108,709
fzke,42,-379,89
yepd,111,369,-5
hmpv,-116,375,-559
tsji,91,-290,249
rixi,-625,-914,395
zkaw,-759,-878,-49
cyid,-691,-891,-441
nukf,10,-676,80
bhvj,-514,-37,45
fedm,500,-233,885
flcl,-557,60,690
nnrk,-658,88,44
hbal,-327,-784,19
kscr,846,561,138
uvxc,-471,-399,806
sugn,-293,664,503
oovo,-644,486,367
gssc,723,-243,-999
mqhw,-856,-711,-48
fobx,934,625,327
vjcn,-508,370,-204
daus,974,-311,-258
wqrn,893,-467,-995
ixnt,994,403,-561
zbug,447,-301,763
iwzj,346,-846,-846
ddbk,674,-835,5
wctr,358,-468,467
semr,-966,658,-439
uyoc,762,-152,-752
aatn,661,-252,-656
cwsu,961,728,412
bqda,-433,-582,-143
icng,302,54,770
kovw,6,-423,589
mljk,-149,-241,-358
eudf,-511,-426,-611
uqht,963,976,982
mnzy,280,195,30
axam,-770,-858,293
orrw,525,-428,140
sfkr,-21,-700,471
kzew,40,286,-201
ryuf,-658,-533,-232
creh,-863,446,-815
opbd,142,-818,-488
gkpf,720,672,707
yxjn,371,720,275
lojz,164,-751,797
dzlw,862,734,-242
ulit,-325,241,-253
pzbr,-298,615,-331
dfny,-561,-949,-291
gkyr,-264,-307,-808
hqhv,-382,-792,13
osdb,933,-456,-942
mhth,382,-822,443
pwae,-554,708,-810
gnfn,157,-886,-654
zzoe,285,598,728
obrb,358,784,93
xbbe,-440,138,-612
dlyb,-527,-635,985
lirs,932,-95,-924
qdce,109,269,-255
pjol,84,771,-399
hwed,861,-590,181
ngtf,-873,470,530
rpqh,-25,710,-340
jmpa,-774,-317,-122
cohl,97,-646,238
cjlw,571,85,619
ugea,-821,909,77
wpfb,-315,-295,-797
rzmv,-876,-759,-568
zzez,784,-597,589
xytv,978,147,-783
ydwc,809,983,-297
chvh,387,-537,-644
fqaw,-769,717,-393
vvrq,234,438,897
ikxs,933,-967,121
ejba,-858,567,-346
wgwj,562,-325,820
lxhw,88,-279,428
hmqd,64,-432,454
etbr,849,-185,-466
xltj,762,-652,-680
pele,685,688,-548
vnnw,863,-780,670
kwpj,-21,846,881
oulc,54,-719,-528
zchr,-211,-471,222
jmvn,820,-816,544
yxlk,-625,-797,-858
hnpf,497,-574,201
vcns,431,240,-460
aysi,-440,-988,-233
sami,79,-77,-226
zeiy,-76,-21,489
wbsh,-260,153,-573
tikt,-870,622,-73
nkvm,965,-930,55
kwcu,-425,161,-247
prvk,-734,335,-309
scne,851,699,-287
wval,-164,-388,819
orfw,-838,849,-331
usut,702,-640,318
njuz,-957,-400,966
bzac,232,182,322
ypvx,380,822,-115
hlzv,-765,75,-514
wqsn,45,1,379
xcqt,-698,-15,-532
ubln,-396,542,722
arbe,-85,127,516
jrjt,311,-331,-731
nwfy,387,-671,495
fmkk,-164,-681,-921
kdef,-935,209,-40
ldss,-143,455,-122
mcie,-20,-604,-931
sdrt,271,-113,731
qbsx,179,-874,-370
pygh,-431,-291,33
nbhn,13,98,-116
wfgb,570,693,-700
cvpj,-950,-655,386
tkzi,612,725,-399
wjgs,9,254,766
askb,696,-872,-953
rlxw,-963,-856,-655
btwr,-684,-669,873
sdgr,-215,-230,61
qmak,-661,-591,266
krws,668,-900,564
oiox,-191,-652,251
csmy,670,441,577
ymaj,489,80,-600
hvxj,-726,479,125
ixoc,615,-953,972
umtj,-98,673,782
xwee,-479,820,-616
wjtd,-241,-353,-197
ufpj,91,-381,-306
wrio,-403,-459,-974
jggm,437,24,944
qgtm,135,504,509
zzls,-105,227,-881
qzpz,138,-148,-349
unva,-794,336,-122
ljrq,51,671,-514
tsge,-235,618,-254
hzxu,898,27,268
efnz,633,-377,795
egck,266,19,-444
meso,-787,-527,852
fvvn,486,-253,-429
mwvk,-373,-191,901
jato,-359,-952,-975
usdc,-904,674,-336
ckpm,114,361,202
zhnn,-208,230,165
rrcq,967,-598,382
sqma,948,208,-268
douj,-996,-491,-926
lagc,-120,-974,-156
eyeh,-719,768,143
zuse,-82,-271,829
elgb,697,26,511
gqvi,573,285,839
sijq,-937,-751,250
ihof,264,-928,-485
zjek,615,-705,-383
hura,495,-962,-697
uxak,869,388,-737
jvvf,-456,-743,65
xwlx,-720,456,-536
drlj,219,-440,-398
wstx,817,330,-376
oebq,-532,749,-144
tpgm,-61,396,-901
fiot,-151,-278,707
fgyr,62,-590,600
nmfz,161,-76,508
dkoy,609,-889,-679
uqrt,-460,-5,775
gjnp,-257,-465,296
hwef,-537,-561,-285
kxxb,375,423,248
hryk,-957,216,969
xqxg,489,816,-206
flru,475,-148,126
vpvl,-668,919,-966
zdjm,137,468,-521
xqom,-285,896,444
oemp,427,-362,342
mmcv,92,-48,-659
gosr,335,46,-894
ftib,221,-349,-734
qqyy,-20,779,712
rsix,-208,805,-996
txon,-698,728,-892
mkgw,-327,-160,401
kcfs,824,270,363
ndie,-592,921,-936
mznu,-127,-799,483
bejr,-763,470,-912
rzqc,-940,-219,-733
qrmg,330,-20,-310
zdcf,316,361,121
xygn,11,549,821
bcdl,-892,767,527
irlu,409,582,-649
trui,-323,534,83
htzg,993,377,-736
ukmc,-644,-490,880
zjqa,219,-171,431
enjk,-524,-669,-973
cibd,130,105,670
mgrv,786,-922,940
mvob,-792,191,984
gjmr,-900,82,-909
tivu,800,594,899
aois,-352,-559,-158
mdtv,-646,765,489
sdct,-814,-787,69
megd,-171,-659,-54
hvpo,-511,232,484
jvke,496,-833,-209
rlmh,453,501,286
nncd,835,-36,704
ihwu,796,-502,-218
plet,421,284,-258
abub,-159,366,22
kspq,528,935,855
oapr,119,-445,-326
sujt,708,-343,599
ognl,-985,-518,362
njko,868,-145,899
sfwf,-4,-910,874
vgme,-286,85,-550
bsfm,788,-326,-606
ryfk,-32,569,-442
tupp,742,677,-860
bkau,-523,993,-493
kreb,843,679,335
cjix,-465,-100,327
erui,371,313,711
bslz,778,816,-798
mggj,-148,-785,55
koay,781,-727,859
hrgb,-9,-439,-389
cxah,642,450,-727
rsnx,-357,-627,253
fzpl,-606,-146,-10
jnga,372,947,-851
hpvg,-191,-581,97
uqyf,-26,885,864
xbqp,143,864,-713
jgbw,-291,-821,-115
irnr,-70,-340,865
dlln,775,235,939
ywmu,138,-914,-307
kyrw,-346,821,453
ugxw,139,-772,986
pgbs,-532,-710,-774
zdfd,32,783,883
vesj,59,-90,61
qgzv,-338,-14,571
vnyb,-624,509,246
mglv,-746,-256,-545
yxae,-443,-985,-561
uxdg,879,-3,-976
buwt,288,-196,55
gher,386,-843,-666
tasu,-194,-828,-832
jeew,526,784,171
jzxw,-895,-870,-122
xsmu,-26,-260,-730
cfwt,-905,-754,-922
efnt,601,-500,985
gwvd,74,-581,412
uldr,-497,-385,404
tuzn,-24,-573,-59
nzss,-582,-741,-539
etmy,-762,709,-166
zrhr,-54,92,476
gffx,417,387,952
widg,-841,-436,627
caom,-350,-577,201
qnyl,551,524,-479
vios,176,-802,-283
doek,-240,-928,-324
hppq,-687,33,451
ymmc,-91,-866,-829
indl,713,-603,-730
chqy,336,-898,-801
fbbo,918,686,-242
yloz,872,-571,-675
blbl,58,-915,-644
bjwm,25,634,-996
nnby,-637,491,-471
lmrl,778,1000,-791
kaow,-52,-401,628
pnry,608,-187,676
dbyl,-797,-824,-843
kgvx,-194,-849,-682
aszm,-747,459,-154
ovqd,-319,117,-466
pvmr,188,389,686
wfps,758,-658,-132
woxt,-874,-416,997
iwxr,-670,-298,34
fxyx,45,-887,306
zkfk,-122,-480,656
tnya,550,-214,691
qnur,-675,-815,-326
uoqx,334,86,825
fzbf,-494,242,-70
hibb,315,-289,-666
naze,797,-527,-969
fvsd,605,634,604
lwrj,-721,109,721
hvqp,-372,-525,897
gsob,-31,-930,76
lqgz,-960,-375,552
ghcz,54,-940,-472
oqbo,-500,6,-368
joit,-425,882,-823
jolp,-66,-310,7
popn,603,-39,226
yesz,-31,39,-788
amxn,284,-105,781
mxix,495,-131,582
rzrg,-396,847,-990
dqcg,746,692,790
kvcx,685,34,925
kfht,76,-413,772
spcw,-137,-88,-37
gjzh,443,480,775
snvu,-833,95,-778
sdfy,806,-347,306
jxnj,-45,801,-980
akph,-570,98,-153
krkb,708,197,960
rjkr,-906,-905,401
qrqx,-445,-485,444
elyl,-922,-498,-624
xbyn,-279,507,-970
wecq,-96,-569,221
edhe,825,865,378
nlua,-141,-566,-450
oqig,-602,982,-667
jsdz,-597,-79,671
lyog,586,-455,-131
agwg,-418,-91,305
jjjf,591,574,117
wmtx,54,923,-645
xyet,-308,542,-749
untb,226,517,932
oopr,815,-862,525
wvct,-119,213,-682
sywc,-788,672,-341
wuim,-300,-376,82
deni,-199,998,874
roup,-124,66,-756
tcnh,660,217,563
upjn,219,604,-352
ntoy,-545,-704,166
lbun,560,-312,-839
mxqb,-476,260,997
elsh,-243,-444,-781
uzgl,-12,-930,568
jimk,-71,-984,-936
fbsp,-785,984,-223
iorm,-43,560,-792
dzfr,-769,134,711
snpa,-998,-995,-997
pous,-331,285,-429
yphl,667,-495,-122
trzz,144,-106,174
rceg,702,362,381
mtcm,8,968,-839
acdl,912,-664,-101
ftaj,-384,979,-859
rckv,-483,522,243
wieq,-418,-964,593
bnad,-376,365,-272
yvuf,395,272,-715
bnxr,292,192,359
eliz,657,-428,293
ouam,-484,845,-730
thnh,470,-362,-85
krlu,237,-690,336
bvxv,-674,735,-725
ttee,782,-120,154
zkxm,626,251,-616
ulij,-456,-164,-236
ixuo,167,433,-993
kqfo,-201,-232,-940
eois,-816,937,-423
kfdi,551,279,-544
rskd,-73,302,630
jnlf,-112,-993,598
ziph,160,964,770
aqum,-184,-361,-739
gtbz,-833,823,-770
fmxt,-908,-302,490
kxcv,861,387,-946
bbeg,-563,586,-163
fvmx,-968,89,-507
bzjz,-878,789,-461
merf,509,993,-770
yidl,451,-246,52
siyr,785,389,157
zcxu,322,115,346
xprs,92,141,252
gnid,289,15,575
enbe,-730,-744,-310
dmst,138,-316,-641
iswk,-866,609,163
yjgn,-19,649,575
evxf,573,476,-346
ipjs,-121,-845,-425
upgq,-819,-91,-720
shme,-409,-631,966
sxsv,790,260,-157
jnkb,-800,557,887
xgpz,905,-833,-70
tqvo,-583,39,336
vyxg,765,-191,-683
hfeb,-833,62,640
ssiy,59,-661,-963
ytjv,-15,8,421
mlit,-203,766,-24
ncgd,70,895,-184
gbmg,706,646,605
drro,-921,-979,137
wfdd,-842,-291,81
dzln,-313,470,-234
inop,-559,-357,884
juph,881,531,365
chme,636,-883,-287
oxei,375,164,-537
jhcv,991,317,545
tnsx,585,672,784
rziq,765,-95,657
glbj,-821,76,10
imjw,-684,652,755
iucj,-138,-998,15
cnhp,-407,-137,-881
kidb,-455,134,573
pkkx,-237,519,740
rgjn,-163,92,-170
qrdy,848,959,156
vclv,34,575,47
pmcm,-537,-68,-546
zvmy,100,189,-349
wear,-749,480,160
bfsv,152,774,-189
qdmh,-503,31,1
durx,685,674,175
vvzc,149,119,-288
yamq,279,40,-697
zttc,708,937,-292
dzfu,-736,618,272
mnda,329,-719,808
fnqg,251,557,551
pjzj,463,157,-937
vmrl,725,650,-911
hrev,628,227,700
vszo,658,973,8
dkeq,655,-934,-786
vuco,-792,566,-459
vmxt,-731,818,555
vkxs,-608,136,-124
qfng,-307,-913,-553
cqle,46,389,652
alzl,201,-4,-993
xris,-389,341,-181
vast,-69,-625,-543
mcep,-579,-724,-284
xyks,-138,233,892
zmhk,-999,-156,-171
tite,371,-716,867
cuup,-326,175,58
matt,-73,271,326
qwje,601,-715,-601
mgid,-187,-575,-252
nmep,-16,-970,-41
ybrg,-928,-840,741
thlh,-991,-256,124
oyvt,-256,-687,-958
nxgc,690,299,-345
ntpy,-436,705,253
xvbg,-397,-173,27
eove,-752,-368,862
ilnz,134,54,827
eyzv,-299,-274,439
stww,-978,643,-378
musx,-603,115,922
mtby,-529,731,339
mvxq,217,-59,917
hcyp,-47,-552,461
uhyc,-975,-149,-309
xzki,500,987,507
hddx,122,-932,579
bgih,-78,111,571
wopr,446,652,290
adxm,77,384,-527
fgki,640,479,89
tydy,-12,502,312
dxls,107,-820,-251
llcd,-863,935,-735
sunp,-463,-49,-162
nmek,381,191,-588
bmru,-358,191,917
nijc,919,248,-780
cxla,109,-644,-456
ebpa,-459,-447,719
eyfo,391,-350,-573
dmov,688,493,729
pspq,-920,789,-97
pvtu,354,883,-580
wpis,408,23,-999
fexc,471,381,860
ajts,237,74,833
twph,-974,-740,103
bdnu,-888,-984,489
mdfx,-910,-231,548
fzkg,734,27,611
jwao,44,-348,107
cbod,981,145,12
erla,-97,88,592
ymam,512,170,989
kuzg,178,52,397
ybck,-723,976,862
chtm,-491,95,800
lrxy,-85,984,-869
ptks,994,-789,633
kwxd,-405,-209,166
kwhz,-770,658,-112
alga,-594,829,538
abrc,-835,936,656
vmot,-303,-362,-112
rwqy,-696,-699,170
ikvr,-499,414,923
wbvf,187,929,536
yyty,-137,-229,-830
mxwh,749,-653,-729
tlil,68,-221,120
onrv,534,694,836
pbnk,976,-947,900
rjbo,-407,804,75
nlbv,55,-155,597
zbme,237,-874,-520
fkpk,813,-371,243
ltmm,-275,-191,-665
iqmy,320,-630,339
zpkw,916,905,-474
jrrh,454,127,-63
jibq,727,387,-110
eopk,282,653,-452
lltg,291,-906,627
rjki,784,-444,354
ayjf,-279,-718,868
gcuo,-280,87,612
svpx,-4,69,246
xdej,-230,567,563
rcyd,-127,795,-90
syoe,465,771,36
suoo,482,47,-685
nhek,-598,933,-31
raad,941,-800,-464
vzey,342,132,320
rbjx,-758,513,377
anon,-966,-779,-331
wvyw,-645,709,88
lgco,-28,-990,918
ookv,-584,426,607
tuci,-259,372,-890
webq,-776,-73,-118
bypq,-411,263,423
skvn,850,-664,293
rvdm,968,-804,-947
cbky,-639,757,998
hpek,-576,307,-403
yirt,627,-855,-342
bnuk,940,383,221
leuu,155,873,399
wsbp,-628,561,-990
qncu,-450,20,0
szrq,-101,458,-363
vhhb,-414,93,753
ovad,-244,-774,92
ecim,-274,793,823
zeub,-385,-600,-685
vdaj,-400,255,683
kwcx,578,233,-471
bgfj,932,761,603
fzxw,451,-845,-746
mrqi,203,-900,727
vjrm,308,942,256
xdin,-975,-43,-45
ocgz,-944,496,-162
pjgp,386,-369,873
znzg,-894,747,-846
ivfr,431,-901,-271
vxvu,387,-301,-941
zvtw,688,439,-944
vkkq,961,-13,498
ugoh,522,773,-933
qwcf,-544,406,-74
nghj,-878,-20,-253
ekhv,-375,-2,516
gbza,-687,-33,-998
esqf,-928,-689,72
keei,458,-829,-11
pdxf,651,281,10
qzls,6,736,-18
fudj,-86,376,-666
brcr,625,59,-359
vker,-550,-581,-784
rjaz,-349,745,174
tldb,548,697,282
zmkp,660,983,212
rmzu,729,-626,-974
fsig,-320,-902,47
drmf,329,-570,829
hfwx,884,424,-918
hirj,-531,473,317
sxnj,-456,-658,-977
zybn,-526,-543,-16
rxvy,-788,-505,-774
vpzb,-519,224,360
iiey,993,251,616
kgyp,-247,-678,-951
dzac,611,659,-162
hdor,737,553,-639
xnhk,-383,-106,191
gnqt,924,291,880
imba,-34,-143,-654
bspm,-955,526,672
tgki,536,687,-26
cvxk,-940,-70,662
hzvu,-646,-311,258
kryf,808,-929,-81
euql,663,-104,-314
uhgi,718,888,-571
chmq,-683,133,630
xbsx,708,-580,-824
kpsv,-973,-221,648
rtsv,-626,452,303
post,318,565,462
jctk,266,-719,-141
bztp,525,-582,-522
jafm,-422,-8,-633
jpyw,-361,917,-392
rwgi,-839,764,-500
qgmb,-568,704,-49
gnic,-54,543,357
euuj,-280,-409,-397
ntza,-642,-167,-603
rxxy,-650,96,838
rswy,-223,145,-305
kkxb,-251,-304,107
syew,105,-980,790
gugx,-388,730,-13
akil,-102,-873,-846
lupa,-585,-274,903
javn,-855,518,-243
qhvi,-341,-234,-386
nnee,557,549,45
hmvi,-363,-98,505
xzij,-491,-888,-821
hfmo,447,909,-434
gjpb,227,953,402
frbc,-869,350,-817
gafe,763,668,336
xqbf,-929,632,-972
txgw,-327,779,-511
cdfq,916,-485,-667
glqa,364,-506,308
ncot,-575,-831,-307
pozt,412,-161,-972
vdtm,-704,-979,-568
ijtl,-78,-270,978
zdas,542,317,-823
mevf,-550,-46,575
kxzf,270,-351,-657
uuxd,18,539,70
hgwy,-264,-494,597
zdvw,-860,809,-928
evnp,-551,-917,378
nbxh,492,-221,-164
xxat,-63,-497,-612
fjmr,552,-529,-630
dpxc,-471,197,776
radc,116,473,-578
klwp,-773,265,-426
oxrv,-332,-586,-560
ftfp,-941,-435,-118
ajqb,13,439,320
reph,-226,-870,-163
lsly,595,764,-272
dwvk,187,-816,268
cymh,-160,576,611
qqrs,-674,-534,-262
htlt,708,625,-498
wshx,729,279,862
tvsc,-31,-205,-723
tnka,-611,144,433
ovww,968,897,895
eqnf,311,669,-988
qnwo,3,-435,-370
hxcq,811,887,823
njzf,-543,25,-992
chrc,-564,76,-469
raqi,95,-350,554
lyzj,444,663,879
ksxf,768,776,519
dsde,-841,-603,-627
xhox,941,833,-1
tarf,391,16,906
dwdo,-553,-948,-40
qhvh,131,792,-303
lenz,835,-233,161
glyu,499,-742,619
otvs,-276,97,887
rixa,884,-819,-469
yudn,-809,-682,-108
yolc,-859,-392,41
sbcd,102,-105,-228
lzcm,714,206,-329
xpxo,-412,-358,845
apdn,-456,94,-768
lxuy,329,-264,-919
mbiu,-666,-323,285
wxep,-778,-37,-288
wblx,-96,-974,724
amwy,-773,-405,-300
yhhu,105,-501,-109
acpe,-48,-603,762
nyyc,552,698,-689
qnrq,-551,452,603
evax,200,-709,-950
mxwe,527,-20,-952
cvip,244,-511,-884
xyig,105,-408,-600
mgap,-951,-247,-88
cnqe,501,748,-750
ulvd,-780,119,-864
gsbe,918,-251,-243
tpxb,326,842,-500
szjn,-129,87,647
upxa,119,793,-715
yemd,671,-647,232
pznx,279,-834,-211
avzb,70,-454,-719
umfl,856,303,837
fcuc,438,898,-668
cyhd,720,-831,-299
rgen,-533,973,-590
uinh,-406,-440,-856
zzff,72,-959,30
wjrn,722,566,-416
vbjk,-950,-784,93
rrch,-307,439,-461
umtr,-420,-763,672
ugjh,-766,-918,85
evxw,-359,228,-995
jjtr,351,429,-289
wefc,-140,-942,-610
sstu,537,259,-32
yskt,-132,182,404
ymsd,965,-672,337
eery,813,531,-16
ycgq,562,460,-155
rjtx,-854,-984,914
gcfv,-132,672,427
wsfr,333,-668,-126
gyer,-752,656,576
nuqg,290,109,-462
dbwv,-173,150,79
zkes,531,217,591
lajy,-229,39,-660
ynnm,837,-580,-723
wecw,472,-890,-652
mtki,840,797,-692
bsnl,36,-317,686
oygn,550,-608,927
uxwn,718,-963,232
szwi,-446,-259,-34
wjzh,-797,-764,649
rtdq,993,163,-782
enaw,663,-285,-332
lhcr,-816,738,-616
uuqz,823,706,-188
esek,-15,796,-357
wfiu,-932,342,-610
rdfl,500,157,714
yugr,121,385,123
hrna,135,25,441
nyhr,-729,777,-638
bhzp,-429,213,-499
utor,-891,966,240
gxhd,-602,-200,-750
akfs,-745,728,-597
yrxn,669,-848,913
pfmw,338,532,-956
ccpz,290,717,796
tshp,-945,252,515
kprv,259,-917,-400
ckmn,609,887,-633
knet,830,-420,-372
pexm,469,-780,656
upeg,808,351,668
gscn,896,-133,-510
hpjy,-9,684,-318
gcfk,-715,-892,628
snhp,-564,-24,-87
mogj,450,-401,-240
dojg,-533,128,-404
caqx,-278,-483,-667
hkgv,-465,-249,-210
kyko,465,462,-95
zwgv,891,-457,25
alwt,-117,57,-269
zoll,807,-2,226
qjtd,-980,996,-579
nwca,-363,-635,-670
bxuj,541,-980,-450
okqy,628,-973,-691
oxzn,-66,-175,-176
cphp,771,234,889
eitu,-237,-663,803
lifx,-301,-514,102
ypek,387,-326,-714
wfuu,-247,-512,-770
ovpg,-141,611,-351
qecb,-713,554,-520
hxng,-61,395,-696
adoc,-385,528,-851
brqd,-47,603,-64
pjgc,6,-866,951
smmx,426,-290,-400
sekt,697,-401,-299
nouh,-298,-793,728
lhrg,-340,-524,518
xqbn,635,-666,-880
jnmq,-837,-846,-98
nlen,600,533,222
djyu,-767,-979,538
gdvz,192,-964,-441
hqbf,-699,-57,-970
ijfl,50,52,942
culm,409,495,115
vuwi,568,-415,385
qvtt,631,-965,840
zykl,24,-941,108
jqwg,-726,-816,5
idje,834,921,-395
ccvx,675,-512,-15
eqpt,662,-325,-699
ebxv,27,557,282
owwo,510,54,283
gyzb,-653,-867,297
akvq,-764,-72,415
fuwr,623,461,718
ohgb,444,-706,-666
ngpr,-950,757,881
lklb,-224,133,-515
tlfy,-710,532,-960
svwe,-530,-420,-113
fjxg,313,-810,-886
plex,-247,640,-939
zbjy,-715,-949,-904
jqqf,-601,-386,110
zczh,534,-219,681
zkbx,-989,498,63
qcbc,-924,939,645
vmky,389,-974,554
drbi,513,979,528
vuzh,103,-160,456
xrrj,-6,791,-600
pbjx,-99,253,-152
mdsz,-980,71,-69
ojwv,390,-255,557
wpxa,-281,791,244
hvvt,289,-551,226
dgrs,-575,319,-93
szri,-9,-212,363
qrnh,-641,-649,-954
jrri,-841,165,534
cjqn,406,-994,-429
cxbs,493,-574,-947
ione,957,600,-317
bswq,-610,411,-761
eyuj,120,-220,245
wwxh,877,373,860
dcpw,-681,872,117
lflm,-563,585,948
fodn,-730,470,-471
uwhr,-406,-957,-395
zlsu,807,809,488
xdcs,795,494,449
pecq,111,-82,438
uqoc,324,-10,852
swao,834,91,-739
jyld,745,-985,-202
fdrb,399,144,-616
ypxy,-437,860,446
byyc,-169,-993,652
gtea,357,-718,4
hzko,442,-703,374
nyrm,77,866,841
bwit,478,-417,75
wvxc,744,-469,-364
xtlm,819,417,-673
aokm,28,-921,-595
jjrh,156,-317,-696
yhmx,993,104,782
ighe,-292,-633,-966
wuss,-909,539,-588
fuwx,-813,513,60
oftz,298,-773,403
gykw,403,389,729
uuwf,449,-781,-308
eaiy,185,-296,-984
ovsh,-797,-906,-73
yvwr,-551,-778,944
cmig,510,-265,-488
yddw,-745,-687,540
pvsc,-236,-365,696
dohg,-484,734,779
esoi,766,-830,888
trsi,-418,-333,-991
ryjx,891,149,-14
ardq,199,-728,-293
dhoe,-234,908,609
mqoj,-766,-936,-466
wvzl,-756,88,-1000
szbv,-978,-107,267
baei,-104,-25,-425
stvw,618,-756,47
gqto,-738,333,740
rqxj,-18,-286,-72
fmib,732,24,727
wzrv,218,267,-963
dfth,-835,-52,-156
gdhm,48,-873,828
sbug,-855,753,6
chta,-781,180,-480
gijx,-143,-42,-310
oxvk,-498,552,-904
hjfg,876,-71,-561
loyo,-470,742,-362
hrod,391,110,335
jthx,-133,-566,697
bdlg,-33,-643,849
tnql,-700,-524,689
igzu,-493,-746,-477
twof,434,-827,206
yibg,742,-82,43
vndl,-950,-689,559
osya,712,-562,-515
cbcu,22,-949,-154
ewls,448,-668,879
baoy,310,563,-56
mpjl,408,658,-966
xant,863,-605,295
ltth,412,68,-571
gkhs,141,484,995
zuhy,-977,-130,443
vmuf,-782,-862,217
hsgm,190,-700,-175
qaea,-15,390,380
vlay,106,307,854
drqp,-355,-644,-86
hdcw,725,755,-782
gzsr,-927,446,-277
uzrp,224,740,428
iedv,609,-168,-345
azwj,993,454,75
eqei,427,-817,630
mfvo,-471,-429,-918
sfjb,273,-816,694
wrap,-627,541,289
orme,785,-896,-444
lxfc,544,-490,-517
jgxb,-509,72,373
xehs,548,-329,952
uttm,-956,-958,312
ayhq,-739,18,621
wzho,136,637,-805
aiyd,-497,-608,699
bjkv,-490,-121,-548
qfbu,-927,-182,236
xfji,732,-739,724
rxnf,999,-310,881
jhtl,-941,-23,-845
zbty,-94,-526,-247
acrl,637,-651,-307
fuzn,571,137,-19
welz,-953,-562,-789
inye,820,659,-485
ecjd,-61,-252,947
odfd,603,80,588
mjvu,-717,493,-543
sftn,-108,819,627
piil,340,-154,-15
hfeb,257,141,-397
dybo,457,234,-411
gwhw,-628,-59,-151
pphg,322,669,-4
aoee,687,680,741
jcjy,769,235,-484
tkny,-667,-7,-230
ydhc,-525,855,-738
inov,-440,85,-590
zfhb,-971,-587,-602
bgbj,-199,-229,-840
rldd,9,-496,-149
gcwg,-700,517,868
nynp,-89,-925,-4
gmim,-537,385,-829
oppa,-188,-150,321
kscm,-859,-455,505
cdzi,906,-36,862
pzrs,738,170,488
eoth,116,428,308
ookk,-574,-660,-370
pchp,189,-982,956
xfwv,417,-428,-408
pvsw,-982,-197,571
dlwm,685,927,628
cems,-8,-576,-201
hiop,-388,305,243
jcga,851,833,-196
qefl,274,-149,331
ebag,-354,-806,-789
essv,-396,-234,-121
dbiu,-473,-970,-899
gqzt,-589,610,-420
zisc,36,-320,-287
ezyy,-844,-729,-341
hkym,305,-918,-787
qzhw,-35,-513,569
nwmv,362,-534,995
kbco,-762,-936,-512
delv,-639,254,-603
ntav,414,-599,381
xjpz,-157,-428,536
cwya,-294,-952,-595
ophz,-831,219,467
xzwl,490,-662,-498
svvc,919,423,6
ypup,-111,-422,546
wkep,-277,-85,-904
ejob,-784,341,-913
kqdy,-368,711,-622
doli,-243,54,105
ktns,-12,604,183
ofmr,107,472,-434
sfvj,-122,-882,-258
mysg,363,-722,887
hoxo,-153,-440,-434
egni,-979,-250,-493
oxsk,187,-775,471
fuuf,-811,24,18
jzxk,-562,-206,-420
oacc,469,-586,762
igmy,41,409,-740
bxcp,-439,187,-905
gqmr,416,-824,209
klde,-368,212,-47
cmzk,-400,-252,291
ngtt,-764,837,931
hkmd,284,-431,-602
rkbo,47,869,-430
davx,887,585,-943
twux,-897,-449,243
xmdy,-899,-980,844
yjrb,772,520,-882
troj,-666,-672,997
txtp,710,-819,-535
gxyc,392,-712,127
qkwl,435,-662,-663
mswj,642,-637,-130
owid,-557,607,668
pxyr,-47,876,-673
bfqa,-363,967,835
fbzj,-565,-445,995
isws,750,-881,247
zeth,-88,568,814
sskk,-860,197,-314
hmyj,830,-672,562
rqbk,148,754,-336
daie,-542,-382,794
lyef,-446,64,-556
rker,20,934,-380
dpnc,-769,478,516
lzdr,709,154,569
tfic,-448,-1,-437
skvz,720,-344,532
yuml,-574,-435,362
tsbl,672,276,500
kuzt,37,-883,-37
wuaj,-72,-618,-499
whzx,500,480,421
tlac,587,717,-686
gdyc,-352,9,-142
kprn,177,-427,811
nmrc,-875,-662,611
qckm,-234,556,-573
ycrv,808,-62,-951
dehn,-445,-447,-897
vibk,-169,-720,-736
forb,276,782,155
crlb,-519,498,483
powf,106,144,-222
gsvm,-41,-871,438
xgko,519,-271,696
cdhx,-443,896,-739
zdjv,139,31,-621
oggp,-2,568,-681
abfy,-769,-145,908
yngt,397,-810,432
sedm,690,88,-682
ughw,544,884,967
xdjc,804,581,-230
ksop,-879,-650,-485
uhwb,286,-670,-402
rwxn,-59,96,864
dmjg,106,-321,580
qiqu,-637,-958,-914
pkqa,-872,-436,867
srfr,-236,565,-251
ytgr,-241,-754,-694
lmpa,480,522,330
ukgv,-425,-89,-200
fatm,496,77,-513
pqww,365,106,502
qgdr,-155,-906,577
qzsw,-969,-191,-782
bpfl,-536,-119,122
jqzs,-136,131,-332
auks,-13,-260,493
kkay,-492,-639,-574
aiku,673,-773,-779
psot,254,-249,341
bzqf,28,948,-904
jcex,-128,-132,11
ovaz,151,-449,397
rzog,-617,-614,338
ekiy,-579,-900,-671
mxyy,-66,-255,281
mgnd,-275,-417,46
vezq,-5,-43,388
hwbq,-535,-20,-926
rkqd,-360,-638,143
rsak,-8,339,322
uyjp,732,230,-302
ocbl,-510,119,-541
tkat,102,38,504
jbtk,314,811,724
prxy,-173,48,-513
ssfw,-972,-447,215
ogrw,266,266,-324
