node_id,feature_1,feature_2,feature_3,feature_4,feature_5,feature_6,feature_7,feature_8,feature_9,feature_10,feature_11,feature_12,feature_13,feature_14,feature_15,feature_16,feature_17,feature_18,feature_19,feature_20,feature_21,feature_22,feature_23,feature_24,feature_25,feature_26,feature_27,feature_28,feature_29,feature_30,feature_31,feature_32,feature_33,feature_34,feature_35,feature_36,feature_37,feature_38,feature_39,feature_40,feature_41,feature_42,feature_43,feature_44,feature_45,feature_46,feature_47,feature_48,feature_49,feature_50,cluster_id
node_1,51.198011475627666,73.52442520824897,88.53350242600054,14.859850472031221,72.7351614786992,44.14300369311789,16.51738270020603,19.31299213793616,29.30508870376122,93.25021631950612,36.1920750774206,50.40507520268676,65.24845760056095,45.01309473392543,84.12286875891951,93.21218195459775,38.50715301279967,47.04274677054779,26.661891831649747,28.68351700911244,18.631829711274253,59.50497769080052,55.25492136711698,28.221799878424974,34.13934692248998,76.1897757462094,37.6243393242568,22.00247664313493,56.135798083488666,97.38162468162996,21.692356949505804,74.82688062584583,78.17054490594988,24.179768539515745,70.69290084791558,41.48031054538111,60.77592096321305,67.65768877137072,64.3608253526489,17.281632586277723,87.47125027091572,43.568026081771755,26.77985009739958,14.671458700799684,48.05091248177923,52.1990018017252,12.6472086991032,44.12001332130754,27.802572879518085,57.33652129795548,2
node_2,9.641342280555344,68.13345538369035,37.62257326092386,85.57998879926528,13.856713342645676,34.60677010486282,31.560922828310158,85.00389746285367,84.5837590309798,20.46835576220413,81.91101134187402,90.12508608266154,65.32354885557062,59.00217408931952,29.469329498115048,20.98481355940579,90.16141858822576,77.00488659326078,57.09212662810798,23.7693244111718,31.762213346958827,81.36686815448438,79.09484406700322,78.42413868912472,74.93217992810685,48.46471323494683,24.294250720304444,33.0615519705521,84.90270520584961,71.72513266460311,0.12111000024319551,32.86744981129734,57.234210302807234,0.16556884159245477,20.965508423746538,68.87474859310532,65.19607868821907,54.696167507719395,17.582004961005907,66.13338966983156,13.020234427282812,25.6304331199939,82.06385362431459,72.55674238098707,76.91057566721658,58.88371321399109,55.93275948529248,36.27795685384998,42.65706831491889,38.494094814216574,3
node_3,71.19441670478868,26.461075429606062,56.31605664738528,58.40192413155563,0.0,68.84791424553478,18.720860472812674,32.09466857175238,91.40563108239444,87.81834197108272,78.18640497014437,33.50111842536155,13.922306992091825,66.39942821125831,52.29212323666143,16.046820798422562,44.63625548965138,9.907172561886593,90.36172091707613,42.32280050770032,65.89789404385833,39.58739915943867,46.56783483610396,60.75085954708098,29.20225252576276,81.88574655774482,57.70925297343491,75.3953544908803,76.2325662087622,67.127496846861,96.17281700856394,13.563257160359344,22.41530617136125,15.711167560622776,36.12359853364695,48.541655846951194,27.522417793214792,83.89214463440234,36.6264677525291,39.30655846353331,51.24736295435154,16.36918053471399,89.47429957904295,24.485868154757007,74.61459412695966,68.20539344941332,35.53663789696239,0.8684856161800152,81.40234091257162,71.8850363355677,0
node_4,38.575450465365165,75.37064490383298,62.138304671465235,24.719622575029007,48.38704413262989,49.82338466291238,32.67935556946182,30.45227569149453,33.54278645706975,87.06335813322127,40.32910818257664,58.48358247091313,75.47635141888561,35.271314345740954,82.42874707124147,97.87667452535426,13.84597618625202,62.340138715732216,31.651670848731108,32.750736918275045,7.492214979401393,58.37958283410524,60.38342766615624,20.285204911711464,36.23320900933216,83.37225492638625,17.60007147358113,14.838494459155928,46.4106109291557,92.51344796427877,29.921643037071068,71.63887824333801,74.71858832811792,29.445808142900542,86.46339826948639,42.67246409793968,57.12892883461938,75.56211291276702,62.465267113287865,31.751883926303183,75.93674416210295,43.472878209587684,13.298685159409454,19.53406261169446,56.00964378902652,53.36468530323914,19.587829546372305,36.48639406397435,12.818009879321284,64.51363490319841,2
node_5,48.73940317271481,83.20537183390513,84.7941507927432,22.369439445932287,56.46172783310462,42.334484700362616,27.17973591132317,17.331459874796934,39.3730339076757,76.65400936446827,38.58361215013204,50.81194168481638,68.44659797471348,41.32015247010881,68.124449807151,79.78543304605155,29.27355435331829,49.33600080500945,36.14537925733912,35.20602587285055,25.080822371833793,61.26481456717533,47.7101321925774,1.325312319699286,21.34299621459406,86.94520535713394,37.648525766241534,33.922557742643306,42.533076190879335,86.42112084540064,31.303091209584935,80.15003516151219,71.84846097200857,41.42110635725574,69.61709111220722,48.6486121089679,68.79710521990299,62.01108192093679,44.69890874788344,15.070426100921061,88.73656103821487,42.685006545579775,21.452278217813564,10.523542215385918,43.424450624934806,75.75985928323709,18.41553479619772,49.87082209560766,29.720737369222416,44.24689660771271,2
node_6,20.055598352057324,75.95058417511036,48.79120671788364,87.58400355545021,20.883929462599966,43.6565515215913,16.826800846838434,70.65794389272496,80.13755515308749,33.86028483389707,71.78014516111848,63.84820993212928,53.432774475545344,51.769617030439534,20.53816803325924,21.34960762385829,87.75620488916054,79.7079061088181,77.08885745083322,34.56750322362679,34.36329820348753,64.27108352587034,75.24482820989826,76.49470999533852,60.91733271474971,59.83026910103668,17.19098922379828,4.667877207242718,81.06873898232749,58.85139742670263,14.852476054854687,27.75480400988917,69.89097564544853,5.442016927413079,16.97334673533872,58.53473836172572,60.973377124715284,52.332468607219056,46.93467870404956,64.48854359086532,23.967733538235656,18.494935402805588,76.53052914847255,54.067145157404845,78.16683731607685,70.35801663446284,47.68653988504515,18.129841040787706,51.60756352630515,11.562212959630202,3
node_7,66.33003013560734,18.737567502372208,49.643514092605656,57.01083848997509,5.225931954027093,53.368601383210944,17.456130131360737,12.39781347743941,87.65662484051543,94.5350756249334,83.1144358216882,39.59817562455224,10.821976164629938,64.71227475835373,64.20683472710722,27.87932032908069,46.090116337913415,25.40738715292771,79.64107864792325,25.35518278157521,74.16763823574708,24.45969176705769,36.29522105207801,61.26709897194617,25.009883894971868,88.58569404946194,69.11924315347335,83.25196838606267,77.92130881156089,52.82405486285161,80.69465702289925,13.771790253611965,19.049958825381736,9.256829518188296,16.004350287763426,46.57132078759991,34.82994869377681,75.61973007218769,40.43886121356509,34.66338000009948,47.623672279825485,17.013295580217775,78.4022913373662,17.624079375654752,100.0,84.73647878723108,33.36135164584059,4.347890044065637,70.72045825023012,58.5322137187795,0
node_8,75.05213570973477,4.046263816991164,47.46980085754494,54.93943431438886,1.5217087522398813,64.98547866874414,14.52879606626426,17.34606876444845,100.0,74.36251776632298,73.48337660926049,31.10942043278753,12.998019689339632,70.82065087805545,54.06283233779565,25.936163981992998,43.827440149291746,32.2218663164368,68.58368665956743,22.441365975726995,64.35961702344156,35.652037440318075,55.50979432925486,66.37789510806398,23.82954908711737,88.47660590286854,67.25449744709518,89.86654347282027,79.03835994900919,55.27954213635606,88.09780402555955,25.358767580798354,8.013776580140597,16.50441051023047,33.864799911640844,48.675118676449834,29.70694173331558,86.70742019745275,33.128961971614835,14.632121513983346,61.82843097803321,14.525578300017246,61.533742966374966,16.09247884353311,87.03752559980003,78.36442134969265,33.036541081255486,11.206732937003332,68.15838674104285,68.84411759760376,0
node_9,45.49017813106512,79.99267466955658,71.85999295054985,7.3531874571548315,54.93480913689411,53.371496693756114,35.496000901335144,20.245668355917008,33.11005352092105,88.66334078243598,27.12511106331265,44.96723822538214,78.31968721129121,42.30664403071889,84.96235274749321,93.62889307205104,40.43838337682588,46.22278000542572,30.651001245745768,28.366073363421368,20.661758338085516,66.55360629855274,61.301548428637716,22.187123698789836,19.233972503500766,84.9089854446779,20.697868030581375,17.488274767526523,50.52097445085195,95.53655951564728,22.237674981311415,45.17308650085108,72.37381596074086,50.15957618658038,66.63453813158753,39.79797409714232,74.84177539577499,65.40457381336589,54.596863021844186,20.760114926860446,78.82615110772822,26.544369772485215,14.18991956959076,28.356636221375005,58.742502270300605,65.00591248802019,10.605205001778815,57.2160308048741,48.42919082973493,65.80544456961834,2
node_10,63.61587883276257,70.6344208717433,24.49154387636927,34.01485347223783,26.08749667425252,60.48237507822244,58.02481357463354,41.49696209605729,25.245672395487617,28.330792000913846,23.992545621094933,66.28261294791056,52.001245646441944,79.78472607226989,47.723966375906045,9.014379313448577,73.49509585872651,69.60509274243618,63.5458547576025,56.91813247399614,41.36611034478813,55.951980819744506,37.81039690208185,10.717244875130046,18.636907099921753,13.780382702565685,55.49230319923278,36.342770993885956,44.425305651300384,87.99956166406164,29.02462617604581,44.07092683161452,91.00350580096656,19.447017602529627,27.267050938625744,11.905305376706462,6.270689740968809,74.45069156590527,65.22940344295387,62.30191490594468,82.03558532836517,72.25519600495025,23.726580976783172,85.62683796665151,59.81317037421799,63.982900284246924,78.79217622401542,34.883559414445024,22.686681934697766,22.053475865167567,1
node_11,43.454853685351154,75.6810503500167,73.22268583283123,4.729649242912171,51.64975042730394,42.35011908400465,31.77244499302348,11.163159621534657,34.20376148925993,83.5990479005728,42.367145826649256,43.97993954292607,68.11873275285491,41.11241225064661,100.0,78.93906868091881,24.88471712108918,42.281035013604274,20.71203140879437,46.904735024299164,3.018945940769642,52.23470344595298,60.7404539245662,0.09344372449342586,38.34252969322797,71.35707611459807,39.13850914559449,4.2325682709709795,35.12846549219974,84.49265844917679,37.13900324230192,63.5231777873777,68.24384864320484,39.77935717910971,85.49922419641334,44.80070889285044,55.60163042267609,57.337232588797406,42.55439568792208,18.029720982385083,63.787455759328424,40.07731444021487,40.96607319710797,19.00274396272551,53.51825369349987,68.42064824843692,24.29129387555551,63.53140174603159,20.089598883328073,65.69619434941458,2
node_12,42.90381116953891,81.89392725710894,81.92735829104163,0.0,48.07567951583055,44.981347155072655,16.293705100387655,24.237405465622512,24.81709177847399,79.04526393366511,46.586729919261494,44.43302742855514,70.83325238522762,25.061778447074023,100.0,84.55935448747083,30.905150121610884,51.21217484378256,38.93079969999244,20.633799686307995,12.908264021669318,53.494996112140896,36.697864049682764,22.01527770102883,29.474333270132192,84.60143428223246,30.603714603182265,18.91277158828894,64.95643965125129,88.47391910781599,16.900803179506692,60.56779291100374,74.92747018719429,33.27176439435638,59.555060406854665,46.858510676298415,46.48153101651803,69.83545848180293,42.30719161288144,15.413219852283255,85.34074907135263,36.61925054883542,31.4550689736969,18.211307002060572,67.56158436229616,72.7028277546923,7.697071845936957,56.030977734290204,15.907247122253064,61.15058397405371,2
node_13,50.71650096720882,76.51196250776744,82.43156451264416,8.849991434768926,59.8923397064864,42.74955406223038,24.045023378425995,26.68136868724706,25.767934333374555,89.4410430611403,27.516355567843306,61.72666437337461,64.15329868563987,40.17024595690103,91.04312979082984,71.55830682485563,24.937904933574277,58.12824774568327,41.01238497870868,35.05149719335914,2.1552472169584362,63.44917440526038,55.92151857995249,14.49443780498911,42.07708474366058,77.19381655629131,25.08609063335799,1.714697134611331,56.51484090338635,91.36293203660914,15.909859119854202,49.70205179251711,63.948524207329314,35.3602670552348,65.85442398423973,32.98435528425766,52.53553930281839,52.275081198246085,37.3925483171202,7.564014951181669,68.2595750097217,41.12339108939604,23.59569640681542,6.657332580241422,75.74921749830884,58.893973639009275,20.66384962929758,63.9363131262442,15.559979314576292,62.20552694534454,2
node_14,40.02835388283471,70.64978610132476,83.30146119496273,5.573206471108988,46.8920318355935,42.04796108689997,24.781430690645866,10.200667730597626,43.37646575107003,93.82102382106234,38.60518327794215,48.490828531291164,60.599830820975974,33.46140768693195,100.0,94.49849000790205,23.421703037362427,51.09746309088796,31.169984584546672,37.45764255944774,17.298948610677357,67.43402394963552,43.40987018901136,14.956182489104192,18.303341259268706,72.60254847390155,36.23775794583123,13.98611943605523,42.4289504378222,88.78581173244767,34.92250996769235,55.28422942579752,43.08309859621673,22.04921758224388,77.90233251257146,42.167731025675245,71.17546487778407,51.627847723810014,39.746804584668226,20.92357002553299,78.74438154861942,38.106839760756934,32.38545397319288,16.635490715679193,60.51637620018238,69.92520505779173,15.346359371724711,57.827012117681726,36.18782861406369,73.8673336426833,2
node_15,18.755783721169884,69.11951590748326,37.97624075526462,78.26992720070463,15.485352963036531,41.244952224512886,22.42390213753513,87.17878569619252,78.3814390899238,30.66264822663973,69.34074524974272,63.462631538902826,54.613201715385664,53.091695453494836,35.37461742465733,6.646234128929338,93.73833060040543,83.74248796849452,62.78076095542093,33.91134522523824,42.24094480738762,68.460086711884,91.4406763490579,69.43495995670047,73.79441030773397,64.63063047936242,15.240218044699171,19.692970541112732,78.98067685041669,59.91143892770982,0.0,25.83784311778841,59.23908658707766,11.427348286631757,25.80146224770443,49.692260050823236,64.30330855942348,45.87497883520402,33.79853361550936,75.6148897103802,15.371978584233977,32.78003283917133,59.88035738351541,60.54870935187793,83.12696351730193,70.50750257808046,64.43951378225252,27.9783320237851,37.637962017110155,22.040520384670522,3
node_16,71.89735450897734,31.040042591097386,41.320676825722074,70.67426113654933,20.899141327682553,56.95105080466443,17.954954451693393,9.851158789921218,86.5044926906679,85.41534182412192,82.27580989157788,31.62529490744862,21.857783605402638,64.5072430475736,47.36955435834467,17.922607302811244,55.27587713889858,18.53140233153809,86.42506437287973,35.562513145197386,55.44683252797414,37.522852190424715,61.59905583412513,57.66805888361835,16.54261641962998,87.168638143972,75.01044937560684,79.10071918994866,70.72001846042508,55.30321535739459,77.82327953810773,16.965087913033813,12.94739181356131,18.13579161313229,30.949586178714295,49.06020106860941,29.492731823540645,76.09588836107845,37.1559871059118,26.969483254188276,73.19392235084116,17.307008573922733,82.36393064004847,7.215019925874506,91.92800605678667,75.61055885518728,25.703838705948755,5.8737316127716035,73.13033905547502,63.32227149202441,0
node_17,43.16552457508297,65.09419433263872,45.13793793335459,99.1913998223417,13.99112618788601,37.58658994936419,16.924392645796015,83.28638189841811,78.75505253353859,24.780313532170712,64.36200596270739,66.87671379676846,62.32712682642914,57.358524721717345,25.400480741124007,13.888354853481061,83.98134513505217,75.64508204821698,75.1439575749404,39.98578911343021,41.082871180082286,73.52801495247743,77.13311460364561,89.67899379548757,73.30631059833361,68.96369546033367,15.14757218705726,33.468522941418584,85.09508409836467,75.9743809661839,7.779591194752532,19.754118598008535,54.8275315536832,6.170540807327736,27.814136496183135,62.93329864964289,89.07169862918124,61.38386950722228,20.475837495680004,73.0009437908208,19.957309235733558,40.54619495695531,65.70126667988893,63.663391686820326,86.66624165685158,61.7231639513819,62.927720941466696,24.47924981520059,24.502612018281926,24.00338344625346,3
node_18,11.454859429235544,81.28891586843837,40.095692300544385,99.1850328026719,7.938057287343593,32.703160687632476,25.481867633374904,85.4096862976985,84.45002741298615,20.604864346866393,73.81315162576576,81.59390478215559,57.62906897188878,46.88716401982605,31.938584292883696,15.116301592524017,68.57333095596404,81.63006175929453,59.39427339608123,45.62159536289702,20.061354430499247,69.95805294045675,72.52427641136043,83.52070067877375,75.38428411322835,60.66777347530149,23.189542198092578,12.964168654771509,90.74609868441995,52.84969384321406,0.0,15.938555665284099,46.31888134720458,12.438317845667111,20.790640572758086,63.768198520335176,70.54300949947142,51.02093006270397,21.234444827901704,71.13965307207654,35.75655907962428,45.81198317183646,79.43538669188472,61.254451041793935,80.83911781754358,72.99893941557784,53.03822057135014,20.531790921768387,36.80221800731747,26.808604498814617,3
node_19,24.336395266685745,59.77467143748055,39.891499921885,76.6587601826817,19.481720434220424,40.87243043294758,14.36777340959276,84.04982348253233,81.3018890194486,34.25560935178313,61.73008495229259,84.06470675103972,37.608714036341645,75.87406904582271,22.379113159736,20.67534161130456,74.26951735461935,87.18758984914085,62.86066980262086,31.91667498513534,46.52146473229537,66.76476727280378,86.1465483006622,73.6296354996411,72.14294258403727,77.38978982979985,24.434921432516944,25.391263171177517,78.29296846128798,59.05431305976727,12.316292050709428,21.711550908640532,54.466857463223135,15.752190395236415,14.14789932704267,66.94770996758187,59.17858923608043,64.52992731761745,35.98268534306893,64.95529736008727,31.704727152542873,47.51342824626183,74.23453631258806,64.815036961172,64.45958968097054,55.139253362105684,63.84004928803782,22.053583868978457,45.188994435035276,36.299364872257215,3
node_20,54.4866753171035,73.34998187415846,79.82244633082188,2.3267757774625846,40.63560353871425,30.24295452719786,20.68731684565964,32.00972391061176,24.587397169761932,83.00448842838395,25.511071972491152,46.6954580354424,67.59906705043038,33.48944120470345,96.45988553780855,99.26760856216542,12.14981784158162,44.315941828581856,34.54340176352095,41.79617575832046,9.317001587136524,58.60566355642526,40.960368057893334,1.8559332819003842,43.854794655592386,68.06871188618881,47.79390332073032,27.392800962351778,54.59600542633909,93.4557856688035,27.342936216912324,66.90752003007724,69.41839572402161,33.43558973091581,67.98781567367904,31.81986515272638,53.619885517392305,52.80819785853155,60.62918058145516,12.283608704679878,61.52737435846016,38.837114524529305,37.037621332704994,19.446676837801327,52.444846933285646,51.510655222621885,10.252881487368407,49.6936536391688,20.36606513332491,66.02212165069629,2
node_21,83.09358544992277,73.47988947454193,17.207381794717996,31.17943389287123,30.448842386493354,78.44712073556735,55.23214410465127,36.981349137424864,18.860358688854763,35.9923090064122,45.6638929275045,71.44026668742002,58.73306322135677,84.18655713672125,51.7742908219636,9.1965323209534,76.25494080394931,68.45557173446092,52.69959001751626,77.68838229297245,55.48096950322791,46.21197291963084,50.62649441384946,7.549944927611421,33.1878985330536,5.88878300481263,62.828652594749606,28.892337390845277,68.46722032625682,72.70275036139051,34.13828030993328,36.95135052702798,67.61122995186,31.932155909291204,25.95506828731258,46.16728873149381,10.60211930010979,86.51782198232154,86.32557919222153,47.189813010738355,82.23191516745621,74.27709577256769,28.241939225921172,75.22628767658642,41.66242872754454,59.290361011692795,89.49837562157627,44.27267108961594,21.225636754182027,23.961626205850564,1
node_22,59.82970976371513,30.48066627270897,42.33252081039545,51.7027765108791,9.02352038109807,57.02330634653932,17.569606317314133,15.471797606760783,80.93629657621554,92.86154716467853,82.92029116122131,35.23744294209716,21.514779803559527,81.68148971797967,35.83137344427758,9.895313977341461,55.174136015116616,28.323424389335596,80.66164367079278,44.51706926575144,63.77325249866648,29.489787830840225,43.67990258512324,58.77213102655667,17.468683899780594,88.21698496330092,84.67834607196191,82.70567218216416,92.0982638313631,48.115650387075554,79.47866599131494,5.82224795443423,26.262603041318478,19.85880855057571,36.62792316191064,50.910583654919776,25.71448861687863,78.1017427616669,34.32051154657629,35.3681734583797,57.445575022359286,25.93310567785351,65.61100375443837,8.846082680089115,83.31665326251188,69.86853556079981,26.594745756385233,16.106482344741604,68.45212468167287,53.740433126195356,0
node_23,85.5665187489333,62.65000356965622,22.61416192269164,38.927393301531204,21.27996988846142,79.03587002336026,56.78511509062763,40.183620251599606,11.575970372823527,44.209007715147294,40.562193812188994,73.16524717329708,56.94761322796433,79.08618150939415,38.273891543819424,16.743411221259638,58.76697564698922,81.36735201406151,55.306462330311746,73.04135227668833,47.70247549035109,53.39925772697079,63.922302555545436,9.632407864387684,13.428009881784407,16.751879918182283,40.70708383228253,35.6601327813936,47.71195206683302,74.66681178579869,34.005439694402,43.26254119041672,56.024819823490155,23.131617069790295,0.0,35.526270746169466,25.16409832784161,78.02955703673645,78.97053205861837,50.4123115518617,71.98471100753748,77.63128986698968,19.41627067117932,80.90346422957867,48.63818713384131,71.30776316273152,78.74951026623951,29.786223940003687,21.223751677095134,23.21138510932374,1
node_24,24.074808030764135,59.445165597202056,28.664438692967323,92.23788109301209,24.997891412442726,55.59476463440206,10.72609897926106,82.30380556362879,79.15908842363203,38.5502857234695,58.74186052967345,66.00944118269044,64.07853939564501,49.83884603439069,36.37733134984448,23.54580863080963,81.53813684504773,80.63893493278844,57.515598131223,37.00083825373614,44.841567778377915,61.70493286114252,82.63958583787914,72.01786251561893,64.43719380427237,61.11501971509803,1.0499331332532496,39.41476606049751,72.33985544288446,58.19361667151477,20.08150590386529,11.214480719278583,44.65856561228673,6.845360626700122,15.866081072790937,35.68771508059088,67.63073495599305,63.813651658071656,37.0801563931516,58.00775878363977,16.186835108167905,32.778191188368744,69.01257113736916,69.34142874766914,89.2224168795755,72.32486445528625,57.67703760197906,23.88997545428058,34.29331676660121,32.56335095434001,3
node_25,14.418993206096868,65.77650222329227,41.648001283227096,98.71542794441852,19.169812639757488,38.00565078524698,20.973573024943466,80.3369269351774,73.7672064047853,41.025820815988865,54.95138413905194,64.75443144259908,59.858187962320834,61.634565004672595,25.73690601123102,13.959793523272902,84.03760884512047,76.37062315912097,54.39441641696569,44.159123987786984,42.79381477528182,78.565725400164,71.7481086972822,76.94721404592445,74.63948016676552,53.957564894148085,21.8646966968411,32.72731382537975,77.21747130434755,58.82306029458346,22.380713649979306,32.51189602943457,69.0465515371277,15.152360093246369,16.034751835920595,56.77237835298962,69.80618254161544,60.47393949171968,23.183334720399486,56.723956319988034,15.078088959333668,20.448907746172114,74.35485299238002,63.152226525591395,74.06738378720546,59.957381002230356,57.1484525990816,16.177476858178643,28.692838804724058,38.52019117673243,3
node_26,70.75358280863746,73.82881557338645,22.624073765594208,32.168095435064416,28.979376263817112,77.92793125450957,66.97264118885163,42.347434256113175,6.774253398861443,38.90178897656607,38.62486312891325,68.61098752699986,60.249623708134,80.28987340836379,54.27870941810791,24.190823785396216,67.30341377996491,58.9273147175808,58.85772311822865,77.46628334978712,67.90692839272702,60.42209085539983,29.00987036536023,12.660965331676756,33.122314388784204,17.502725710151836,63.542050184088104,42.35030775742802,45.7066297332498,86.43003788710709,27.93963401997471,42.67364595636658,77.07172720900475,20.890148419392347,26.462252576718946,29.797620544417097,24.983005645523612,73.1717485052063,80.40832869212448,72.2443320084065,75.59971482127224,65.41197905985237,27.149469228824533,93.04320503913216,41.54852682940481,65.74474696329827,78.05378752738733,28.877527401503542,12.266670229342179,11.481847982045117,1
node_27,73.03302902252592,74.41139175783275,2.332778540298065,50.334824363191785,32.71826328145428,73.04102967180657,69.19623887402068,31.887859548284368,16.533600104570375,28.192488657085704,53.72867794983797,66.00035644840594,62.01618989100475,75.4735203063955,62.667718790847104,34.660456843779414,80.10701642794312,78.51432667613277,49.90385943008728,78.30017516406423,49.447305317753376,62.31789532450058,53.13049789560686,6.8394055149202195,26.213920582162086,17.97061045529015,38.72432999779485,41.555971603141835,47.23128898405457,75.51697827943404,23.197293497560057,41.74869067779412,74.28456772413736,17.380157061792353,17.67717547600315,37.794180762646015,37.79214924967741,75.7622908336048,71.85273287093092,62.76560430240571,88.89612185655028,71.85997510255466,34.51473568681128,65.90582134738655,43.120593808276965,77.38436716779876,70.40070800917645,26.044513783615372,14.581939048246625,34.406324938681934,1
node_28,53.15285471282068,73.06401463217482,24.187283715949675,37.117696616110145,16.318882925270053,82.26244433051608,58.32696172443311,47.59584023813791,6.193363925806411,34.4654324959323,37.660156761825235,65.34086185227345,38.03433640475736,79.68978014171257,54.97860990825568,25.792413164072276,69.8978108352012,62.07990502255801,58.06465150522757,67.08987182402697,52.331510956740594,52.79066644177325,36.392279298416994,4.893883424672387,21.471493794836487,10.745430092630727,54.190581455845404,27.76583696829147,48.2550085092865,95.15015627183311,25.734754074214326,42.71847753678966,71.25724538495997,19.25564210739425,2.055732915561876,24.966990355215597,24.87432200277078,85.07446065072912,80.26888291836188,61.44629968050681,78.8404528832638,69.46166795252815,32.00245902978441,74.05127876943249,44.264183214883886,79.13165655222983,71.02204550865021,54.75860598701816,19.444101006687287,31.018061933954417,1
node_29,17.48195572421222,62.75290029426491,37.52477076898416,80.60371919758963,26.06536954375807,33.688699778218435,27.21789153192058,100.0,77.82281834930608,31.85385432582544,65.83458014005838,89.86981451684541,53.75488264765148,45.73991091121361,19.217459227030503,16.984349845014066,78.19021888383507,98.11351888746644,74.80701594727716,28.847400660507272,32.25068514061944,68.66661517271424,92.94663217667627,81.42301903217779,67.21211856470553,60.89147721312122,11.70331828843553,27.75011480308496,76.2120653888487,54.43083635335146,20.031234636979143,11.970803850769993,51.51111726816316,11.164876718547932,19.980856879763124,57.99002715676652,67.89139129326418,61.90155280306115,27.453197353084818,61.08747011322019,29.646703567689947,43.082254104203564,61.93173847824612,61.9274529128849,86.24498288541113,66.65242412976106,65.94047143764342,12.948842787572723,24.771116657595755,32.82140384618353,3
node_30,26.8498808406112,76.22239468397868,50.44399358169886,89.23234808303845,27.12479724504293,35.75073641836757,9.324964808693393,84.91725920133231,88.04773597950069,35.886217175840834,69.46918239600923,71.95573051972326,52.291690223809596,56.239450173397344,24.976124115966098,13.32248486500792,84.16111852728575,88.1206825183217,59.051887195226165,27.816867595466945,32.05033464867023,69.70583098876394,83.3009885071339,82.89681904245217,76.56040599337595,61.40901616068262,18.851645558326403,22.570082544938167,91.07420294560185,69.97306102250721,1.2236738702900958,16.075707892464543,63.34193746097012,8.269609011582927,37.208024844046875,55.69034537404477,58.908641199012706,66.92843947669341,30.109341067614327,69.40788106423025,43.44293627013753,38.83825725877989,67.29002021844995,46.32842051329637,76.61468069438614,73.05679072264498,54.73533531038823,0.0,35.43036510721511,39.15769772584037,3
node_31,77.18061430793722,19.254855400582894,46.616476861896274,54.107496236144065,8.414322842696377,42.36619721019841,29.750658699942168,25.260607092335107,73.76325142854874,97.20138610665526,73.84760223813916,44.17016031921265,18.117372610834277,65.82299885824159,48.19167667502581,13.44252818650008,59.17154596352579,3.780036584619193,79.52909821016921,34.8965159491467,58.92822082443485,41.15713601367243,62.612371079696516,61.837190355893064,9.299433932613193,88.57354597811954,80.2400867544603,74.62592455055868,87.3750727320429,63.1716845580013,74.05321966634321,23.75326149007485,27.860211341771098,18.821237422613194,28.29592737494009,42.29527210612964,18.06889410885308,58.08307107188995,39.666893547709144,41.27954162908094,55.43918116678052,20.766369486427845,72.67548549988419,8.42352836283714,87.17606769767893,75.15305728984815,22.415476660328764,16.446464200574404,76.80471454730355,69.08442284999663,0
node_32,79.92337893984877,21.759859111428852,56.413799762584546,54.301351770947605,16.432148888150536,53.43741734702252,16.356299310465463,15.93904540401031,70.82924256409773,84.8804230978937,61.82077180444344,40.602973808378515,26.21465388938202,57.827032349606114,48.63870319895608,26.956144497082242,56.83390658891588,14.4666883609906,88.62006957079454,25.5077480326382,63.666762473572,31.20005883282667,45.735137903941954,54.025329479219394,27.56859945130676,96.87484036480458,74.13187008728026,90.29535960482754,86.8124534202082,79.33227323046249,69.2696795756687,11.57592922945614,37.47107741343626,10.802078514015253,43.112851561874905,42.934259365261255,48.54954175157576,67.39456531564466,48.31467055563765,46.47141121717045,45.30033563531588,27.536899946631785,66.45177457369074,16.205344074662666,86.898251486584,52.55755006453509,29.291128600428983,11.588482710738038,87.06954606363281,71.43773674500571,0
node_33,42.27638571302941,66.13135810482699,40.094587288024535,83.463545893202,17.48496584342527,19.623300752960134,17.316324683183463,67.43265165079708,83.80341502716462,20.71484787744777,55.644062698026964,70.02249445743686,52.77658462545102,52.42699230799281,38.024019936620704,12.82798067641151,85.6184297260451,100.0,63.666922203967275,35.67846497244299,31.70355275358649,66.52180194625653,74.67905804733093,83.11620535467956,73.21839677772505,44.06477792500067,16.582733153475363,31.539467628689202,78.69144026454434,53.2911505934747,0.0,3.2537870962873345,69.7309356651505,8.953100071063927,29.040816609427274,66.14929310596264,72.72159729469821,57.81792218869768,29.100486074105227,62.05615478654753,23.3136192989307,38.77449715196241,63.06096134449655,44.29741897106757,70.83268967371522,60.15398219452848,67.63587624949311,13.566481827276476,43.512656972988886,29.86972354284148,3
node_34,78.13181459424206,80.95839881858733,25.332972980646588,24.805390048202987,20.923317139970333,85.11978287102306,62.916158646919286,41.56461259478657,15.551476057165711,28.92031208344076,22.437886682249747,63.20393883785732,82.4294766975242,77.09180999738075,32.10207220423,25.4287345608968,73.90326304730075,81.16139901056891,58.67000383521394,78.44218651210049,64.22538478788718,45.854838414062606,36.65247582529423,3.2768378231041844,16.50515746751249,23.981714213540087,65.13737984307231,39.05801410777988,36.13119186385843,77.05982329619609,15.258117269013702,52.20060015742273,83.12926302652976,34.54038705725285,8.264104420387078,45.03629618202777,20.871663700118674,74.66013794138455,66.93439632825982,57.23104743609918,80.11347537889507,73.0030124587148,13.624257365514648,91.11125115268337,51.94253199775731,68.88518156295979,90.56972288974157,25.97302849161686,5.7730324936180235,38.41471257614525,1
node_35,83.4516762396817,68.00485958566448,15.555812075390067,29.50394056737458,19.313465163957524,75.24263196019791,59.04682262592464,39.745909088989876,6.299504198635118,31.984095023392435,21.584414387914336,65.52859599413881,60.257125141081055,82.80887880659475,49.693806335861616,26.798921680958983,54.74225082365304,58.97258764974944,59.13383929669986,55.36568418032155,50.970049405991205,42.37628283384038,56.78579859602142,14.037149401349835,16.878066001759862,22.33610187205217,52.40561684853483,28.161201413403667,40.59401662393535,75.6850041032955,30.4323032068491,46.782248818800134,78.13546456638423,13.706060864123883,14.783488894597104,24.31479998357503,21.255406248415547,100.0,76.98452446115347,67.86802029001984,95.4023773923058,83.31263209732722,21.342288873386988,71.19806318663872,52.90622519708525,70.05356613937552,69.49113370092606,37.367677976064854,20.931244346688803,42.38774660546162,1
node_36,69.91997236074658,28.21487368442437,45.81487175556721,64.37852095451113,12.71909064807878,49.22285528129312,23.534155321662055,18.32831061934237,87.95303007957517,95.6177363699317,63.08733687299137,27.627160813750123,22.93206777487501,58.93649029728398,47.13596949380976,0.4050968082882065,71.34172538740467,10.593333436758783,92.2972822462088,28.007215923333426,66.31937097816565,46.87224325791506,60.93188984789195,52.101182509980575,23.706321838892624,95.59530270263097,90.67658110317157,86.69817672032747,97.24269715854503,55.90068302152516,91.36562170992775,25.888646262131854,22.39894496270943,7.64155847842991,45.18953996943997,36.84172767721411,24.553123240508448,70.82732471776158,34.25535942808385,39.32769761199588,57.53602803886938,26.99920395604414,77.54679694910784,11.213330196408556,94.52777777530756,81.23921215657502,30.573280251688267,14.039016622894996,69.10047822382131,68.2431241396052,0
node_37,17.387383684809706,65.08279618355245,27.816694590240466,71.87793187500202,19.47329401210322,32.89779070940477,19.932179247040512,82.89734082936407,80.42867456815972,35.504189756066374,59.09257203744766,73.62222552293836,66.0562347100623,52.396719283080735,27.914499475033026,18.108323019057455,80.4863456521899,76.35686622944064,52.66387788442368,31.014932562696018,44.92011946317916,63.03721227187185,80.52942398151596,86.57280422227257,70.16291430212208,66.42942221109224,4.40485286015697,21.87016369123393,82.51550385495442,58.699434557552536,0.0,27.742624600729005,56.24275796887313,13.085223709797235,22.928358374578533,61.92837933981231,82.85152645040911,51.833984883865355,22.750233706664794,68.48707765851529,20.137100459321672,42.2894367163875,76.4662933866984,66.44622453173747,79.83052684654382,73.56670160778572,46.21968441348683,18.016126988987825,33.50684129491291,38.335520075059385,3
node_38,58.14734759538963,25.74923164792494,53.82066456964852,49.8132284291732,8.706512759827286,58.72662000309191,31.28270093051513,6.941173610125931,79.04324345726917,96.2552648142875,72.48798464995821,28.148789215109833,23.643247498246037,60.83306614311458,53.4315717818783,14.453295771744608,48.33739631430165,20.310855012327323,80.93554519691256,36.75082510463052,62.477401894070525,50.79042053835311,64.15567052704766,43.11205224799239,28.96630589202624,81.03553833235635,73.54268137923101,85.70688035961722,73.143091897472,66.29987465312941,85.37636235040193,14.801935878772893,22.173750399582858,14.736398870972929,39.289826601175434,40.09437688429244,9.047765975702003,76.43412646209423,27.008409642608925,30.79914024979785,42.179172596102745,9.941956917345273,84.0567330359114,13.403315646826544,85.77765764946604,75.63977393436132,22.932530338154177,27.27221810690747,73.05275619057858,69.46959080367346,0
node_39,80.58160756245599,38.79192837752406,45.20270598782781,54.04945747825424,23.912768019947936,65.08408658453659,32.243337380330985,4.254491090345015,98.29484101165882,81.1593022996863,76.21013167445206,33.18331851313549,10.785906428126149,53.43835601360453,31.261414566104925,20.715206036014102,37.41160008703397,3.6805569285224067,81.00134514071681,9.591930525922155,69.23362044467058,15.657780750298414,50.98646256356268,53.85697616021669,29.09285020349664,87.23332380204553,88.15388957955507,86.89045037768314,90.01508722816118,52.04429583392451,84.71599325136508,29.459960924384973,23.77706799601449,15.156061226404892,43.87325405416095,35.156347013625485,14.415439875358125,78.34358996185331,46.44961949035117,21.66319465585469,58.77744583087859,26.689669096697312,55.98778838740075,8.473742435127487,85.78432468218809,70.3425895418507,19.95218040458992,4.065746941230736,88.60877740584347,65.68811445293811,0
node_40,38.60827380890259,75.11182545849904,83.15517332499661,10.96918145618492,49.21396347958147,38.192746902538694,22.47157807391763,14.806762294811751,39.71973051877613,77.47933557378724,39.00238834942219,62.80720778448393,68.84717557411982,36.13368395900642,77.35755153723981,99.620638058661,20.782442461237835,56.56837674719682,39.17840767009746,30.893090726484935,10.8471253581172,44.07945652606358,52.85484186480989,19.077710759165587,23.579076209746482,81.41469908269947,29.467846573429394,26.26817079089439,49.18664543119054,75.84148149715539,25.12491956522012,65.56785007558244,77.66179596261547,24.069910644238,85.75850688534891,24.26686606684454,56.074865047023145,60.01810803292939,51.25598141755777,7.366042965834003,80.4070936291534,38.63115760825024,25.305172399840714,15.916762230449237,53.8812241634751,51.266245346514054,5.593907353810534,52.22388131521801,29.421617334606204,61.94485565344277,2
node_41,48.55828923398076,70.79201291019932,79.07189511739176,15.132912669734626,50.180665658186435,33.44628882465353,20.076717880414122,26.23604798092956,48.148991015830816,94.83504117559393,37.713482159596694,41.87818892333575,66.19070425743128,51.58840924594689,92.69047366132867,85.33596341389791,35.17158552875886,39.624718818466,28.504893762555955,24.113708422018814,16.707530335150086,64.47797471615249,48.98371364072199,7.134862686082623,32.1337243906519,78.76863175194184,22.795585615807838,24.303539249771816,43.092283042055655,76.32123846513532,18.61150595801454,50.94476005794269,72.90966455890704,30.214247024801285,69.06146864501406,44.1245038373798,70.1201372964233,55.94424461427066,56.11379454388803,4.586257545105649,87.85387761724584,25.70375529199361,19.24083187966484,8.480335214516373,45.06126748128165,64.46575356665109,13.038257259840348,49.45213529609008,15.797680959586422,77.48091311156968,2
node_42,48.56246946211369,96.5149576229991,72.41757274141713,18.21922826791107,57.09397530535857,41.06827942712342,39.057032046132214,16.3459493257844,34.12208235689337,57.661337177494474,39.12845899160151,40.89917044601004,61.83574714605013,30.880611080383296,84.81271430313076,90.54682543710838,30.23171617041919,55.4570107954373,44.19530107002662,29.83687205677473,9.122417852233713,66.42696794768783,58.51070016822836,20.043027044823525,24.67428668501412,86.04251140134512,30.040716085736104,30.011821298095153,44.57324410590305,75.51915399964872,34.88631612396222,43.30389672641347,65.07746199512677,20.82543942884562,60.017830521702784,33.43039884989949,70.3234550054994,67.24682021292256,50.84812927004064,26.292169379225058,68.32582240580805,26.076138111761598,31.830254105961064,17.89915715896229,53.58932824239276,55.12146179779755,23.004881314532014,37.20662425635993,23.332254533086555,63.44243545289917,2
node_43,82.73789191073055,74.76642943146142,19.766009362833618,34.12218868235679,23.817366564207163,79.89074863708018,47.15613382286417,42.81532081615679,22.8478151416567,41.30550612782228,36.28128916746618,60.71907920184795,42.53112785813813,82.23344824931773,56.43273049088274,27.53179942772878,73.58816572499038,70.26911606095666,63.60188919781167,79.0706689872121,46.12257922337879,57.23141048348631,39.915608305409634,16.353723992462992,8.23838100505582,2.7366403855553685,69.3784892766537,42.648959463744255,55.754547617782876,83.30906848251009,10.81318288371681,42.231626337198456,74.0775564209626,24.025987258853068,10.458439243837537,44.735479338330975,22.41539104918746,88.01417354454489,80.84268205810828,52.660803908793255,81.26250659673097,84.85092210774755,39.479390177280635,81.72421105691575,51.24383097447546,76.74740495822526,83.63640037009962,46.53434252679833,10.833020448877603,25.99582831402716,1
node_44,15.012183705387235,57.178259961816664,43.95141982515599,91.41726183203497,15.806541981729499,43.462066395823,27.97051095630287,99.45313744975215,80.74512306120687,25.517213997659383,54.77894822988716,66.56343043273812,64.41431053918583,40.251283524835316,39.090171157245734,10.500693190454747,76.29561105339089,80.82100093298659,55.018880185329344,44.578221323572656,52.44351758487507,62.81699704919405,78.31091808288916,79.66034748293819,76.718497776551,60.13465746069617,27.82925648802467,32.10328846006452,72.40063625340554,62.68207009736582,22.898478027806394,14.159475863147502,60.72602255429601,6.180630724873852,18.808039189211843,40.55109073403851,54.72509620369505,62.77669051010589,40.05032855406701,62.06745120765661,23.837868576155543,49.644144416107295,60.853252714914035,48.680686622125805,71.30974935043423,57.30675555367254,41.4850635892772,16.469647776050508,47.00483504364696,20.928551224819426,3
node_45,24.64994007202803,68.44250445321147,40.27175350184865,86.42393981686723,22.580293632441148,30.783484428673226,31.066542275342073,93.95754413489475,89.70643944840782,38.74473614156336,50.19888792727013,82.786275038593,59.66087634835305,40.07985734893025,27.628900430835508,19.662569019074244,95.09179742126321,87.83123543622051,53.731590763635026,50.68549095151176,38.28700407072398,66.02972521439442,79.15187522349568,67.97847203702432,71.51188763808076,65.34241375078828,13.64813057940218,26.29391694554957,74.9692065148529,57.38690145854624,13.26808674219943,19.635010445789938,50.23642081089209,6.892879100727667,36.28434755590074,49.95913455468275,65.47807616831017,61.462854755816494,40.487462828202,77.29728268536024,35.44017499829448,28.24603734576115,72.59277680297856,66.51416586837823,72.3490341547658,55.64489453724595,69.10480144449397,15.087554928511967,52.33707879604387,39.19293945849431,3
node_46,27.212328579401888,68.89527053907315,29.73547122139685,86.5925973376141,32.33783883553247,42.73602410950556,20.31257519576241,97.67098702882126,78.70682248919205,25.678884817038977,64.02937901136038,81.50951496099005,40.6737121614909,54.65099541640386,35.83094339632662,15.29108842209705,90.63297876668727,87.162937872355,77.77918152995005,31.117560103246333,44.58244477298158,59.937863047239915,68.84588918599236,64.6826671986664,76.69663584778532,62.83651500389584,12.898788740709875,8.742262455972197,76.36124207305693,58.547068834170844,17.081119063675153,17.985437427301566,65.09662427028668,7.395867659904408,36.85843773361712,45.75270599470107,59.75771007713443,58.21803616825994,32.28317994065858,58.66345938950783,30.065675724128,37.35125700015388,64.16444864357489,64.61046761143203,69.87536164963478,53.6724382443335,56.26153431900925,4.215936742422896,22.25884262435278,35.478855820912436,3
node_47,32.34107386112868,61.540594098657046,35.59426248726083,92.98268090673524,11.8373697876881,26.378327086251417,24.738973088915024,84.04779495438349,88.70616218480038,13.513203186988616,51.59333175378582,75.49243249485052,57.75745451582728,59.148022969996184,30.746725422506355,18.76546266734049,78.66204829202455,94.76068381230257,51.82392893809745,39.994544504343565,30.03429529230871,72.35468267605923,73.47268024110404,86.91743952921306,73.28688324320605,75.31964507841246,14.48304002143122,26.330026057549464,75.64708483848067,56.21118072123684,11.581759964885194,5.899964049511578,51.739150055166284,15.203801106382656,21.695949541146454,49.155290884942715,59.455726372081415,56.5689903944185,28.841950476910615,70.53462462073239,12.243069162742213,47.334648306900554,80.45291851297787,43.32539381540198,86.62528641011662,71.0507821946758,55.46825222033809,7.116632451168387,47.53908897807526,29.286340884159223,3
node_48,48.55965384065215,93.19479144949366,80.87314066549642,3.221092908746761,48.17393624684749,37.077317369974416,31.236542577246603,13.140688916696188,33.226402333493084,75.15733331774074,34.79953851750727,52.91728808588568,44.763212334674286,41.16695668218529,87.37696476890262,80.87584800531987,46.37161506018812,57.44769269222888,25.29904489613036,39.49313458676653,22.906940396531084,59.821314099332206,53.105858153887525,16.825073435371877,15.605190267542607,81.1663141025291,27.253648517485562,33.03283485977687,51.82604373070003,86.4711486319145,28.643423792991946,71.9579284454895,69.45289192033488,23.4254392546591,66.05169034558183,46.94821976812172,64.55378569226984,61.03652064766449,54.39428912153932,12.745241815588805,75.27260444359781,30.355970623542724,22.563246557590393,24.03143743339411,48.64846096404183,58.69540761599928,1.2926354107424771,39.20017460644169,26.625486702272706,56.672949778349704,2
node_49,82.41408488961653,69.4388553654533,26.238747046167425,46.42131008306688,17.597891520218266,95.92935872673246,62.012122037923106,48.575916116243846,26.257443155532002,38.19576961809124,42.023712544586566,73.36106558800093,51.850506257283385,81.43534224173025,56.37117188451323,31.77703021395743,61.294465603184,75.09345430385595,56.10913751177998,70.73438187971212,52.35166874295147,53.56260563588862,48.53454201966468,23.56726422712803,24.90433488638196,14.999064925920361,75.82983335568707,44.02791525314882,49.94646778434944,72.8683546952642,22.040732884546273,50.296493429375445,65.40159124942005,20.239409422434214,10.093710172805842,27.681041736375843,29.702884322578363,83.12187558114763,63.67063356275811,60.92065970293273,81.49497627460336,70.45907126040235,34.17268538442447,78.03720879365994,62.01408084634926,79.36947465052481,89.10014805823471,26.65187127129795,19.59063550011896,27.812188966757184,1
node_50,56.94452124401872,80.54211357329893,9.38436496346843,33.800715652853945,11.16299807722857,84.65776467861046,47.65641239602387,41.41484039192848,23.440779912829576,39.17601315825906,41.7156936329112,74.44486602366946,53.40920309461094,92.45489924342087,44.09658397988795,19.03643873434436,64.39848443103193,74.79514085637027,50.59787786046032,72.21270019026383,39.620897171983216,61.1359480185721,49.5692090362856,9.695452044313459,14.878121919257874,17.671360825480313,55.25448585601474,36.15140101222749,59.97684559262748,76.1152609609899,32.89218496487162,45.35643597833431,69.66539653414243,24.273536566498304,25.87676924145852,28.399567146965715,8.401391771283393,89.50008092045411,65.03920356701069,66.20734967967458,90.39607319776498,79.33176517911856,33.496895125982796,97.5651127346354,60.88146305412363,77.23979955412848,94.75888946206864,49.47848235652178,32.954328228289505,24.297664881787313,1
