point_A,A_vector,Y_vector,D
ads_1,43.040912;44.085014;61.181661;50.505803;73.824907;27.901456;9.701208;66.542831;83.199719;52.424363;36.120467;82.533622;3.416128;35.366467;68.982844;36.170046;74.448235;31.728049;85.013542;79.738240;56.828404;24.721529;6.528720;12.123317;76.985125;23.045628;95.330823;34.426815;4.690771;80.616663;24.815415;76.938902;47.606209;59.039614;20.189128;45.434544;64.681105;26.507347;17.257671;23.220956;34.768184;21.644052;67.457809;17.685615;87.151175;50.434327;34.916897;95.273969;46.947553;38.962468,0.001441;0.054507;0.006718;0.005958;0.002230;0.004553;0.009612;0.074046;0.004856;0.103644;0.008718;0.005972;0.008376;0.006096;0.011077;0.005353;0.005725;0.002814;0.001026;0.072351;0.000909;0.000620;0.064717;0.005352;0.008645;0.003696;0.006901;0.011836;0.012864;0.057112;0.011868;0.009413;0.003096;0.002290;0.009029;0.008744;0.007091;0.052893;0.055322;0.028261;0.004445;0.008258;0.067141;0.010793;0.001248;0.009986;0.136022;0.000436;0.005645;0.000291,15
ads_2,96.938181;45.057549;61.003032;91.243167;58.582780;67.052400;98.871048;37.408537;72.517222;23.663488;37.310271;47.726192;96.863180;24.562735;99.022157;80.519999;8.761224;59.852160;29.311318;8.539042;35.772006;42.420623;8.734822;71.014703;81.040894;53.477520;35.602180;42.934903;62.838595;0.691234;64.273058;17.113678;50.144193;41.466716;18.068394;89.727518;21.461760;76.667980;75.924608;92.845663;57.370408;59.823736;38.482962;0.327690;34.951729;88.681387;44.669022;28.366799;83.083596;8.797222,0.006117;0.012038;0.009432;0.037728;0.071562;0.008300;0.003397;0.037755;0.040281;0.002073;0.072649;0.002149;0.002050;0.010400;0.012554;0.008590;0.013422;0.005339;0.052144;0.000969;0.070173;0.007570;0.012285;0.008866;0.001175;0.062834;0.009733;0.012589;0.078253;0.005675;0.009549;0.001437;0.000841;0.002130;0.000934;0.004935;0.011156;0.005267;0.001823;0.011291;0.000120;0.005403;0.013495;0.007734;0.002296;0.071846;0.003929;0.005910;0.160481;0.001323,17
ads_3,54.841404;41.213765;23.819095;67.312971;30.521009;40.661281;33.867513;26.913513;27.513339;75.400951;13.390138;25.448301;60.960114;59.750843;11.586049;25.807579;7.947454;17.152467;86.248512;67.499444;16.605456;61.353550;5.252081;51.298191;68.278199;26.570698;2.928066;90.506272;45.757814;98.932002;7.437771;9.077324;74.701061;33.308461;86.954062;3.426323;85.503665;32.367621;44.711944;96.262369;32.690873;39.506282;3.313784;76.253496;64.063287;11.931673;29.614214;96.635754;5.505838;23.771910,0.004126;0.008634;0.007935;0.008192;0.003342;0.005242;0.003800;0.004170;0.005726;0.010873;0.029792;0.005392;0.000654;0.001532;0.008270;0.062582;0.010633;0.012263;0.012209;0.042659;0.011114;0.007920;0.001723;0.006761;0.006386;0.027446;0.144802;0.003889;0.053060;0.004480;0.003191;0.059021;0.007441;0.007399;0.011971;0.010625;0.003636;0.010106;0.008577;0.054044;0.009696;0.001240;0.002750;0.000743;0.011429;0.010239;0.002238;0.005229;0.072855;0.191964,8
ads_4,41.353234;25.112366;26.847664;14.357210;80.512862;4.396736;26.405463;64.707255;38.145051;57.054600;94.394421;56.153772;43.216263;89.897914;14.779003;95.853770;22.118862;38.883393;77.914717;82.785604;32.823972;40.147309;43.068177;27.265715;13.293494;13.242374;68.670036;69.568251;70.370478;16.519830;97.141123;55.694233;35.321964;26.563453;85.204637;28.560411;73.535754;38.137907;61.286309;12.469968;84.378661;1.107815;41.744513;73.611726;70.389162;50.438242;24.833015;18.548365;18.997597;94.288446,0.014991;0.013647;0.006464;0.012483;0.010855;0.107835;0.007230;0.046392;0.018245;0.008484;0.012995;0.015457;0.012288;0.000286;0.013208;0.005627;0.016296;0.008186;0.003572;0.019369;0.007518;0.015030;0.009401;0.014030;0.004595;0.007444;0.015579;0.012691;0.002232;0.015995;0.209697;0.004685;0.001033;0.008340;0.015367;0.004980;0.005809;0.062833;0.015083;0.017597;0.019322;0.010382;0.016315;0.000510;0.056806;0.014517;0.005847;0.055676;0.005592;0.011187,29
ads_5,23.719805;0.369916;15.841251;52.764219;49.137862;65.914831;36.315531;17.079026;37.710485;55.517000;70.664991;52.616722;49.468123;97.496855;87.487253;18.646669;78.034296;83.766854;96.695587;40.232438;35.804123;70.848965;81.932080;61.472324;59.736968;47.625618;32.433309;23.100153;60.534842;61.521070;58.692756;34.024101;68.494682;99.325107;99.752612;41.130235;0.632203;52.387629;29.370745;82.570369;15.995228;3.237761;0.210184;28.606096;28.038080;52.354246;80.964236;71.763813;78.925438;68.397416,0.001316;0.015258;0.014591;0.006921;0.017805;0.004638;0.000654;0.003644;0.287628;0.001778;0.010826;0.013486;0.010428;0.009797;0.005474;0.012901;0.009822;0.012693;0.009421;0.005615;0.007917;0.037817;0.063443;0.093846;0.011624;0.012020;0.003858;0.004470;0.006624;0.000872;0.003070;0.061498;0.016877;0.008940;0.008264;0.099140;0.006813;0.004622;0.004248;0.002621;0.014790;0.014526;0.005185;0.015139;0.011325;0.012571;0.001723;0.000564;0.000443;0.010460,8
ads_6,91.710146;25.918655;46.435342;51.417033;82.875507;97.927492;4.590311;30.242285;96.581888;76.119537;81.094257;32.255075;51.557552;12.222261;27.909841;38.894011;39.393013;42.717922;46.344358;80.319853;92.776414;74.907652;57.642701;39.175670;7.763159;73.294198;36.154222;10.017299;43.747786;60.936211;82.221352;34.152451;7.397607;25.817285;56.403826;11.096687;14.700717;65.742495;32.578208;34.012936;62.778265;50.380280;30.203318;25.957135;22.719723;20.946689;41.147079;41.346570;83.482306;79.395220,0.008503;0.004739;0.010602;0.010665;0.004555;0.001750;0.056134;0.050151;0.048744;0.007616;0.010927;0.006220;0.245884;0.011724;0.004098;0.009050;0.000135;0.014892;0.014080;0.009519;0.007018;0.009139;0.012646;0.013394;0.007743;0.005054;0.070601;0.013441;0.005052;0.087151;0.052969;0.007356;0.006314;0.004451;0.004276;0.009641;0.003631;0.056049;0.012339;0.014035;0.007326;0.014395;0.002839;0.008565;0.011712;0.011452;0.003071;0.003983;0.001280;0.003089,5
ads_7,21.147557;54.208906;26.565782;67.859334;88.302021;44.345846;64.982071;44.348103;99.366978;71.274180;29.607240;36.464609;40.119256;61.607166;20.095998;98.150968;12.156124;47.143211;67.167045;27.633594;72.801706;99.625623;98.134762;68.639533;30.167943;39.255122;98.634152;88.844125;47.662127;28.473682;67.404585;99.320119;34.833261;90.358449;33.742567;83.153023;49.530237;59.507650;36.876061;68.273118;92.495989;16.153358;83.626399;22.516196;7.272701;52.308011;74.381268;25.137450;98.991945;59.606880,0.080620;0.009451;0.050248;0.148562;0.049772;0.005531;0.013169;0.000001;0.007545;0.004147;0.014848;0.013966;0.000857;0.062712;0.009434;0.011908;0.016143;0.006189;0.002398;0.007807;0.017474;0.006856;0.002291;0.009697;0.037699;0.006245;0.003281;0.007794;0.009179;0.000994;0.066538;0.068497;0.052370;0.013532;0.003610;0.006302;0.009202;0.001888;0.003439;0.000566;0.006503;0.003088;0.071891;0.008274;0.000385;0.013789;0.012652;0.015359;0.009557;0.015741,21
ads_8,2.110884;52.382319;7.752989;99.441819;98.061506;22.571729;9.642055;3.278887;70.262696;61.573460;1.920089;32.958196;90.722320;23.525492;55.107911;16.440729;80.529835;22.129366;83.705826;42.384035;4.877510;64.338103;57.411074;72.920730;56.262054;64.397051;61.585737;30.014319;80.582028;95.549752;18.957446;94.205224;65.173061;1.728033;40.916307;44.953891;86.648255;78.812945;69.251377;67.888254;47.030775;3.316680;34.932706;83.496752;30.123279;68.392821;77.433381;77.987712;44.077853;63.943416,0.015182;0.003247;0.011208;0.043808;0.015122;0.072714;0.034894;0.009653;0.009045;0.009933;0.012956;0.212097;0.009283;0.067378;0.014826;0.000118;0.002435;0.000650;0.008436;0.011720;0.000697;0.001369;0.002514;0.014229;0.014277;0.030699;0.006508;0.009517;0.012273;0.002238;0.010242;0.010536;0.010881;0.010032;0.006336;0.002710;0.008265;0.001976;0.014301;0.085801;0.040536;0.003287;0.003114;0.005321;0.047408;0.052996;0.001125;0.008085;0.013135;0.004887,30
ads_9,15.516489;82.060950;85.732467;38.961175;20.495477;27.521835;37.212971;79.833266;90.684382;3.290295;50.629282;86.227284;82.561536;13.368657;99.311386;38.602323;39.345184;53.922678;41.335804;1.991874;79.976945;71.750637;2.425885;13.408519;77.824421;51.824380;93.252660;55.808946;58.461706;30.863760;69.810652;65.687261;57.657462;61.077741;14.053610;7.000970;69.143509;78.634895;34.738894;9.717941;0.444306;62.294288;82.126310;67.996154;39.579871;91.839084;69.702959;30.953602;15.071200;77.274920,0.000963;0.046610;0.077851;0.013826;0.011292;0.009172;0.012048;0.013612;0.001785;0.001253;0.009471;0.003424;0.013784;0.014955;0.014127;0.011555;0.007660;0.011390;0.010319;0.012996;0.006309;0.014710;0.006592;0.007449;0.005717;0.004548;0.011718;0.001236;0.006665;0.001718;0.005951;0.036174;0.010467;0.008855;0.011676;0.010323;0.053853;0.000981;0.002420;0.006995;0.187297;0.003329;0.051863;0.007619;0.007946;0.056340;0.154841;0.005136;0.001757;0.011424,24
ads_10,61.957938;33.542973;8.809404;80.384814;70.034043;92.630145;10.701967;65.325078;6.826542;14.015434;18.317289;46.440502;64.957906;57.078343;68.547860;74.734548;17.094611;59.539478;60.052266;71.995414;93.466802;25.657074;67.272489;52.315892;98.805681;52.252792;86.687881;4.376783;29.045460;10.375076;22.649469;41.716710;84.828601;43.125183;64.779056;44.520896;59.570940;32.582107;88.973659;47.100193;14.106137;9.271336;28.543859;54.381042;64.691358;98.033628;78.873386;95.416294;74.756057;75.382528,0.010189;0.007572;0.000246;0.092254;0.009945;0.005458;0.083425;0.003781;0.066347;0.003556;0.065477;0.008282;0.013480;0.001508;0.007713;0.089455;0.010918;0.014511;0.039013;0.013364;0.000767;0.005185;0.003179;0.004608;0.000296;0.005217;0.012006;0.000914;0.091607;0.014856;0.014753;0.005339;0.008533;0.009037;0.008145;0.001301;0.009682;0.003493;0.003622;0.013141;0.002322;0.005900;0.164306;0.002109;0.011220;0.008062;0.014136;0.007760;0.014694;0.007315,6
ads_11,74.572400;72.973275;48.784013;11.082409;97.098042;23.710122;19.312182;94.777112;88.342350;2.572804;39.556406;42.809546;76.721821;5.311046;96.326196;50.978121;86.995707;63.193849;72.166302;77.672075;25.345933;27.572725;59.425591;9.530270;9.102477;22.707279;22.338810;23.191809;47.141791;70.124015;1.519760;12.544950;10.964788;66.993934;66.463959;31.664877;74.766521;61.837815;33.540858;7.744241;14.252589;45.376548;67.861245;74.116563;28.578190;26.147068;19.484931;48.499565;1.265040;83.043273,0.007455;0.010746;0.014798;0.007960;0.077534;0.015084;0.013914;0.004004;0.012228;0.006109;0.007515;0.014378;0.006405;0.010819;0.009305;0.012061;0.003113;0.002279;0.005139;0.007128;0.004951;0.064599;0.042936;0.001363;0.010557;0.008414;0.012137;0.037099;0.013929;0.006099;0.011262;0.015904;0.080820;0.005938;0.010934;0.000279;0.004313;0.010735;0.036205;0.014936;0.004608;0.149918;0.060400;0.001658;0.015621;0.004761;0.012144;0.008663;0.011994;0.088846,10
ads_12,85.647238;87.701512;18.324133;14.742478;6.120567;60.777187;60.724905;29.260480;4.128859;90.389016;16.590523;37.385219;59.812118;22.885091;8.495034;33.227119;8.804982;21.633352;36.950714;86.473769;48.091588;90.046604;98.599076;81.430280;8.615413;18.566779;15.437040;59.858000;67.395351;77.893664;58.666258;68.785541;28.441567;22.358384;37.768862;59.699516;59.061185;29.234244;45.828071;61.941819;0.712672;72.158280;14.272526;46.950872;42.957150;72.578970;36.862226;64.609401;11.541168;52.813331,0.003419;0.200593;0.008357;0.007054;0.003342;0.012944;0.008159;0.012379;0.009077;0.006307;0.008095;0.000833;0.078847;0.061634;0.003630;0.000948;0.006812;0.004283;0.003068;0.065787;0.005171;0.003705;0.011182;0.009093;0.013402;0.010246;0.005950;0.047121;0.063141;0.005384;0.000359;0.002301;0.006905;0.003891;0.009320;0.000101;0.013151;0.064262;0.003541;0.068134;0.059983;0.001069;0.009644;0.001933;0.008556;0.000615;0.009063;0.013172;0.035146;0.008890,19
ads_13,34.485459;58.617097;90.847697;16.234154;42.851305;45.276600;34.054531;40.493610;79.916352;42.244379;27.967396;40.370312;69.809482;92.939398;63.462269;75.671177;23.714800;54.802542;0.494477;53.840604;84.092124;89.392670;53.963717;29.828543;62.006683;18.685541;23.700605;97.943980;81.186147;66.959487;70.825381;76.966493;27.562031;93.153101;19.880821;4.348914;36.165630;56.067144;0.482373;21.805194;90.931950;1.876186;39.860771;66.035209;87.758863;94.956389;0.782518;48.882388;68.238165;9.058560,0.047985;0.012570;0.008793;0.008929;0.006579;0.010007;0.002437;0.003420;0.000772;0.006654;0.003911;0.069614;0.001654;0.002228;0.012483;0.007059;0.001563;0.009957;0.000359;0.003755;0.001467;0.008339;0.031452;0.010264;0.009056;0.004736;0.063066;0.043471;0.006660;0.010004;0.010462;0.072774;0.011951;0.027968;0.005739;0.005195;0.005534;0.008138;0.004941;0.000294;0.000604;0.196121;0.164289;0.001208;0.003937;0.011888;0.009356;0.003854;0.045600;0.000908,16
ads_14,76.769654;35.234451;12.068826;29.537659;23.426433;99.086957;13.774281;79.069348;19.919829;40.769849;55.728548;82.121680;66.257735;93.415582;21.041070;40.098822;63.584217;66.881837;43.691858;62.598115;82.526935;60.173834;49.107800;25.583580;56.308342;48.164022;48.812647;27.390960;84.748024;56.179631;45.427441;8.942396;21.897120;69.440403;98.270004;51.252456;54.976272;4.603911;17.226658;35.485289;19.793197;39.401619;90.061546;62.188025;70.084906;18.452829;68.668196;48.805252;62.239728;74.902275,0.063429;0.001431;0.012868;0.003978;0.007640;0.054033;0.003845;0.000446;0.079187;0.001170;0.011515;0.001813;0.005156;0.000442;0.073989;0.005748;0.036400;0.006815;0.117720;0.002995;0.010473;0.008640;0.123517;0.004814;0.000166;0.007967;0.004087;0.013681;0.011043;0.013288;0.001023;0.048499;0.006238;0.014197;0.011007;0.001123;0.008144;0.031193;0.044567;0.008628;0.006955;0.004938;0.006440;0.005156;0.003293;0.011951;0.085331;0.001196;0.008573;0.003249,23
ads_15,81.084549;94.701257;27.233639;40.029416;53.565950;73.828125;12.023291;51.194970;14.144173;30.110476;99.660320;3.949662;91.979803;43.819432;96.279918;6.462549;20.363952;29.075772;71.433561;56.301933;0.353293;19.561728;32.672138;27.224776;63.726490;48.712701;38.213669;20.612184;40.705654;71.154968;3.130377;16.441677;47.143177;59.223976;18.893699;33.872995;57.752324;30.434834;2.310604;21.884045;67.111856;23.624174;55.426106;54.392316;43.457014;33.959702;18.419314;70.392964;5.107616;10.916397,0.013711;0.005366;0.011320;0.014398;0.012068;0.004413;0.007574;0.009066;0.000478;0.001560;0.059990;0.000181;0.012884;0.172891;0.012956;0.091145;0.013289;0.004941;0.016091;0.016869;0.006403;0.069861;0.006552;0.004699;0.091038;0.007226;0.011343;0.010891;0.000365;0.011402;0.008596;0.012554;0.006563;0.000718;0.004584;0.011577;0.001206;0.080135;0.014311;0.006282;0.002258;0.004752;0.001758;0.065229;0.017591;0.003908;0.000667;0.008492;0.039078;0.008772,20
ads_16,57.193436;78.260605;12.689114;49.713135;55.603834;91.532333;44.332944;96.955525;28.475598;50.523172;68.805060;29.808314;37.386793;52.789425;66.319280;29.278978;79.898253;62.723295;66.812849;25.199071;63.213592;84.432091;68.622165;87.805329;56.378100;21.248509;58.309462;45.204580;80.920921;28.584547;86.026959;87.333474;44.215541;22.099790;20.237428;26.970720;78.652984;13.196087;78.674569;68.819887;5.919631;85.991955;35.335872;5.912261;96.582365;41.101873;16.787158;24.040529;77.914500;47.044163,0.005666;0.061296;0.039387;0.012826;0.005740;0.003745;0.154686;0.000322;0.000038;0.012002;0.009536;0.005267;0.061865;0.004084;0.006678;0.002046;0.046529;0.007311;0.012978;0.009745;0.010511;0.074520;0.004282;0.013131;0.004832;0.006795;0.002763;0.067938;0.005600;0.200315;0.012187;0.002667;0.003443;0.006709;0.033349;0.000477;0.003366;0.004291;0.002968;0.005939;0.007032;0.004144;0.001336;0.031760;0.005731;0.005607;0.000465;0.003843;0.011491;0.000765,30
ads_17,95.195560;54.791337;2.022265;36.543522;0.858226;80.287790;25.877330;35.257650;81.299177;32.572085;58.420789;76.470006;72.562796;91.286504;46.233135;20.973813;16.885110;47.405432;59.491842;83.118588;31.023262;15.965195;33.756506;8.954905;72.803350;14.107928;62.722520;99.602329;51.330314;20.436049;82.827722;89.157038;60.179803;29.344951;84.814271;98.219460;76.787214;94.950130;19.804061;15.027508;91.349322;31.720622;16.031709;90.433973;4.691641;74.290303;78.137169;90.757355;41.094949;45.406418,0.004980;0.010496;0.009803;0.010743;0.006336;0.010468;0.026790;0.050023;0.009383;0.011281;0.050090;0.000193;0.064136;0.007817;0.001952;0.127207;0.007207;0.011190;0.000051;0.038500;0.000408;0.010012;0.003747;0.008072;0.010624;0.010604;0.051479;0.006978;0.008034;0.001218;0.002236;0.007060;0.006396;0.002521;0.067342;0.168174;0.007439;0.054266;0.008115;0.032164;0.003485;0.003042;0.006271;0.006273;0.028273;0.009786;0.001878;0.000418;0.009381;0.005657,18
ads_18,38.155280;9.331561;79.128184;54.339450;22.057747;55.948975;62.216893;9.167063;22.642040;51.399608;25.391619;96.604385;61.662659;9.092860;62.892987;46.297377;43.909126;15.052393;2.618682;24.276720;92.862596;77.934409;23.353199;38.173561;21.257333;29.513755;30.770815;81.572677;14.397906;78.269163;91.786409;51.682596;99.406478;13.512286;51.387232;71.258757;25.968608;75.930939;83.928665;88.499394;71.116936;64.618188;10.088107;33.591243;0.429944;8.412821;3.047992;48.208941;95.365896;79.645353,0.012190;0.003126;0.004759;0.009694;0.005790;0.006017;0.010148;0.004117;0.001763;0.003220;0.002728;0.010288;0.010400;0.002094;0.011559;0.059931;0.009309;0.002244;0.003564;0.058760;0.031458;0.043299;0.039172;0.012466;0.003175;0.011189;0.040805;0.007531;0.069955;0.006529;0.011474;0.042754;0.011397;0.012901;0.011904;0.007960;0.012503;0.000502;0.126603;0.000954;0.011717;0.010104;0.008687;0.002319;0.040167;0.133144;0.011132;0.001457;0.033690;0.011352,11
ads_19,20.675267;30.788637;41.391895;4.004332;32.838942;1.798378;72.483991;70.512027;4.817407;98.857146;7.550515;18.817530;95.796816;52.345247;50.130928;66.297571;80.177133;95.962122;29.543907;20.915283;74.864124;3.396403;8.424045;21.736047;8.639075;96.169122;26.920358;63.577378;60.349518;19.071317;55.523362;38.094421;85.064519;11.768624;96.551873;65.153824;53.636240;5.866574;44.516571;20.158565;41.989239;76.316174;7.767395;7.090068;29.516162;48.853705;93.123630;42.661166;44.901166;73.213525,0.011487;0.049779;0.004080;0.004678;0.006962;0.014862;0.003939;0.001892;0.065087;0.008306;0.001577;0.003186;0.004726;0.009525;0.013747;0.009788;0.001137;0.007395;0.002987;0.014555;0.006736;0.004839;0.143880;0.014568;0.072358;0.012016;0.080448;0.184246;0.005805;0.014841;0.010413;0.001796;0.014669;0.001646;0.000307;0.000518;0.005050;0.012610;0.000549;0.006762;0.014025;0.004280;0.055887;0.010294;0.000966;0.006905;0.001374;0.006665;0.007238;0.058611,25
ads_20,27.694786;80.187722;17.035303;84.114902;12.794451;1.503922;27.986809;88.113009;97.201466;89.088510;59.735616;93.980311;73.945696;69.594175;8.873613;17.713305;72.455699;76.641709;47.581192;53.397601;63.178223;93.499219;93.243414;71.307439;6.442188;15.935885;38.967738;73.489051;31.886154;16.866900;13.416431;66.231091;75.378792;60.899845;95.833254;12.492673;63.034457;91.113199;85.317707;65.412117;86.923566;14.959921;69.177312;52.082546;0.750935;70.816180;83.279147;86.584060;26.083281;90.681015,0.056234;0.004003;0.014977;0.006469;0.010974;0.006431;0.050459;0.010623;0.007723;0.012988;0.002137;0.008794;0.004787;0.002103;0.086048;0.015208;0.179860;0.012867;0.006810;0.059852;0.074743;0.000832;0.000978;0.000576;0.003484;0.002208;0.007494;0.011199;0.003097;0.000046;0.070326;0.014253;0.003740;0.003711;0.014889;0.011319;0.014232;0.009107;0.011382;0.000244;0.014136;0.046957;0.007383;0.015108;0.011330;0.007330;0.001088;0.063308;0.007460;0.008692,7
ads_21,95.419855;37.100876;19.630589;77.446338;78.516296;41.137503;99.158163;10.554495;54.916626;64.671810;68.135307;70.071456;29.241104;65.349332;12.717051;72.941183;56.132312;98.588525;32.724167;92.006754;85.310339;41.462419;99.261702;59.461187;16.410129;80.981555;70.057091;33.508501;44.174963;66.057197;34.552792;79.166163;32.245034;48.675104;62.790951;6.348094;59.801219;73.051001;68.545851;78.067642;53.619284;74.179018;20.989175;46.044747;12.335893;73.886915;90.409438;14.888121;52.282316;80.496574,0.003875;0.009306;0.012233;0.007689;0.012432;0.072055;0.005219;0.012892;0.001748;0.014490;0.002435;0.002154;0.012589;0.079557;0.000173;0.080511;0.012710;0.011676;0.010656;0.006545;0.050444;0.006915;0.000811;0.002206;0.013585;0.170045;0.011350;0.003979;0.012043;0.006227;0.002482;0.004824;0.057437;0.010855;0.009413;0.001943;0.004883;0.085738;0.000358;0.009028;0.064071;0.000301;0.012919;0.004132;0.011018;0.004067;0.012285;0.000935;0.011726;0.043038,9
ads_22,61.253482;70.243530;36.865575;53.803625;14.833020;47.189697;31.700632;16.121092;74.745716;68.007179;79.887473;52.286735;58.359705;29.269331;50.371665;11.793474;54.756596;0.559801;89.091275;99.448890;24.535173;31.650420;46.847463;43.173891;48.806097;42.596468;1.749391;82.588440;81.672794;48.650903;75.831462;5.154620;21.067803;51.266001;82.365961;46.727751;72.792910;28.478340;81.337455;21.431704;36.049082;16.368253;60.196058;7.830071;90.723154;66.680978;73.378483;86.740077;59.512191;49.793801,0.199886;0.090333;0.034335;0.002002;0.066583;0.010659;0.003626;0.002354;0.000176;0.005485;0.004775;0.001642;0.015192;0.015483;0.009481;0.003450;0.066303;0.008253;0.014383;0.000378;0.006052;0.007227;0.001058;0.004628;0.010674;0.000551;0.003466;0.003825;0.015228;0.008110;0.055740;0.014595;0.000596;0.013171;0.016345;0.015498;0.015691;0.097918;0.009447;0.001110;0.008536;0.011774;0.012212;0.071383;0.012564;0.002154;0.009713;0.002448;0.010921;0.002588,8
ads_23,50.786557;35.341424;64.538282;89.251765;75.668055;86.901497;23.085762;12.120440;14.274340;89.606458;24.130702;70.323553;15.484221;97.007341;60.031366;32.475289;65.985490;9.972476;59.166953;71.236470;63.919412;85.603897;87.602567;96.598000;91.467925;76.328764;38.558470;89.250469;12.117463;63.485181;61.428043;37.320387;22.762382;93.696889;99.328554;12.802197;85.669440;43.138285;84.364479;0.702099;12.797537;18.874404;53.135652;58.919664;47.777312;96.841445;5.513648;26.608318;26.844107;31.372170,0.010267;0.009300;0.004705;0.000161;0.033429;0.009242;0.032519;0.002838;0.008785;0.000745;0.067484;0.012839;0.010305;0.003871;0.005105;0.007025;0.002599;0.073896;0.006319;0.004572;0.002425;0.004370;0.010343;0.068855;0.002307;0.001049;0.002390;0.002785;0.010876;0.005312;0.013029;0.068082;0.028725;0.011637;0.011431;0.003607;0.008768;0.010436;0.010224;0.009706;0.003657;0.009338;0.148656;0.001350;0.004745;0.030432;0.001194;0.004301;0.195578;0.008391,10
ads_24,56.310002;9.075372;54.167334;27.704141;41.636393;83.483748;60.812724;35.033642;63.391350;22.999109;45.714008;41.698906;97.593042;37.856998;14.690377;97.174643;1.580362;10.697385;24.780344;87.881303;17.239565;62.418996;13.576723;96.298868;95.469731;98.472974;7.491203;52.091004;63.006213;27.452268;15.551223;8.504853;98.904554;98.820337;37.064450;26.030607;86.982972;87.540553;97.433586;40.260017;16.759923;45.275095;36.450575;15.369220;55.131633;17.752071;10.734655;36.190734;21.421025;12.188348,0.006166;0.001792;0.004634;0.010308;0.062134;0.185482;0.082501;0.000165;0.009073;0.009132;0.009391;0.014624;0.005423;0.075195;0.005116;0.047446;0.014367;0.005217;0.007073;0.005238;0.012574;0.000887;0.003161;0.014422;0.009099;0.078633;0.005768;0.008162;0.003215;0.011395;0.003645;0.000663;0.014259;0.011235;0.008517;0.008198;0.014509;0.001181;0.014868;0.068626;0.052848;0.013514;0.006216;0.007937;0.000521;0.003779;0.006878;0.032833;0.011969;0.010018,6
ads_25,27.120572;27.025372;38.742195;39.523429;99.585074;20.560392;76.858608;18.421755;11.124055;26.579434;45.518387;31.319196;40.706216;60.163588;88.985109;86.486001;84.913330;85.102402;50.162856;31.054327;86.861013;36.965473;18.304269;54.383345;49.922459;85.575732;67.120585;20.941027;11.013935;38.170830;66.431464;67.076531;89.814525;52.931354;75.504726;70.415900;14.142631;44.293446;61.091631;12.612823;76.366524;10.090377;9.506002;52.779242;27.032236;6.749337;17.257154;29.049724;72.678452;99.223060,0.001864;0.014937;0.015881;0.011736;0.014972;0.001092;0.079116;0.044574;0.006415;0.005488;0.004751;0.056582;0.003934;0.050622;0.014199;0.003934;0.016008;0.004141;0.002460;0.005544;0.004487;0.006535;0.011016;0.007356;0.010058;0.000428;0.080506;0.009508;0.005505;0.013790;0.081084;0.007649;0.004181;0.014508;0.007256;0.015588;0.006467;0.006590;0.139265;0.078911;0.002252;0.010842;0.001878;0.005783;0.010522;0.011160;0.002005;0.068139;0.012652;0.005833,26
ads_26,79.405321;38.781407;6.113429;55.716785;20.606353;79.441055;22.898858;98.258281;99.215577;3.121703;54.619674;36.531625;55.096224;42.783151;62.939656;73.220839;66.124925;47.635956;78.777141;89.443821;74.150529;59.527236;74.558517;86.100530;70.066624;23.097077;47.018214;81.819751;17.336932;18.988297;14.821261;40.387143;3.251496;94.167704;63.445805;47.498214;96.353293;45.772265;3.108466;50.016619;74.191341;95.100140;2.717976;61.472072;38.084573;33.768508;28.448981;63.961199;51.718377;9.600327,0.009126;0.005626;0.002024;0.012145;0.005095;0.014178;0.004509;0.005744;0.000948;0.013657;0.040708;0.048573;0.005404;0.012191;0.003663;0.165371;0.011320;0.008404;0.002394;0.001844;0.002154;0.001508;0.000275;0.009716;0.001259;0.073924;0.006741;0.013891;0.014432;0.074301;0.004612;0.006748;0.002674;0.090850;0.065740;0.014187;0.011889;0.067230;0.073018;0.007895;0.004490;0.002123;0.001539;0.003038;0.001283;0.002981;0.013460;0.009953;0.006210;0.038954,12
ads_27,8.809352;24.898190;66.850653;99.854225;72.059547;54.276804;61.895305;81.402820;11.778864;42.614066;6.046700;2.760830;31.428417;17.932909;1.920100;85.892774;55.104546;59.827607;96.665458;44.500180;96.248132;92.609187;92.634681;63.882221;15.493498;1.935327;82.612301;40.718469;26.065934;29.607160;63.670705;54.655398;32.946388;54.636114;90.124602;26.515216;10.475733;4.462671;3.587295;7.451243;89.538406;92.364113;72.249778;41.723692;36.168269;22.590207;47.633402;35.278711;72.029097;16.910181,0.006797;0.050028;0.000592;0.003981;0.001916;0.003937;0.037099;0.005366;0.008643;0.006210;0.002118;0.041532;0.070174;0.003260;0.007806;0.005126;0.186895;0.053453;0.007986;0.000930;0.001713;0.005428;0.002161;0.011775;0.010461;0.006346;0.003510;0.003168;0.011996;0.003080;0.010013;0.012044;0.005930;0.008906;0.008458;0.011616;0.006170;0.003898;0.042832;0.005513;0.069412;0.049305;0.011239;0.004543;0.011070;0.011637;0.001173;0.006757;0.149638;0.006363,6
ads_28,63.671052;97.907521;33.162777;97.811149;2.446615;7.136166;62.002793;25.194141;28.371667;92.257348;73.349779;65.833853;13.708188;1.314177;45.489658;26.349477;18.185986;43.988907;17.556125;52.105270;76.481997;69.006323;59.327999;16.159305;41.541796;80.229820;29.776826;73.743840;80.408217;0.888661;35.527720;65.805428;3.837065;8.307339;34.375768;7.426471;4.081789;56.078313;50.227280;33.616323;94.536359;23.239542;61.048797;71.046194;0.295353;16.337807;14.396649;56.805423;18.986172;5.362338,0.044986;0.065651;0.068165;0.002614;0.015658;0.014395;0.008527;0.002675;0.195086;0.008347;0.006019;0.012902;0.010859;0.011635;0.008327;0.002064;0.001739;0.015047;0.014748;0.005892;0.014785;0.015226;0.001039;0.012931;0.003293;0.014421;0.009670;0.010402;0.015030;0.001858;0.085534;0.000302;0.007455;0.001476;0.014853;0.053952;0.003348;0.012933;0.009518;0.009782;0.001098;0.013590;0.000567;0.040284;0.001910;0.058131;0.000002;0.012842;0.046110;0.012321,10
ads_29,52.875584;90.279122;91.325945;22.292368;11.614659;93.287528;42.251992;72.871675;16.698440;51.511038;31.977967;66.869712;66.384698;89.703766;85.298079;72.767950;88.258648;12.615539;25.989688;78.684762;13.960224;20.425996;90.395257;15.496161;72.432751;69.401776;36.973428;5.597197;28.288739;50.922705;5.886222;80.774631;36.642500;33.401743;22.012051;33.612784;55.130815;14.636584;92.625144;33.350337;94.528257;91.387712;20.876511;2.543160;8.982100;29.611837;79.302630;87.270378;43.860566;9.217471,0.007120;0.007361;0.041821;0.007143;0.005673;0.016012;0.015171;0.080621;0.043710;0.005599;0.007216;0.010907;0.009703;0.047296;0.000014;0.014168;0.007256;0.004289;0.007584;0.006577;0.011866;0.008220;0.012157;0.001321;0.006900;0.004988;0.011161;0.015808;0.012650;0.070952;0.010835;0.001916;0.009408;0.007419;0.008422;0.000670;0.006071;0.259182;0.002125;0.008922;0.008667;0.015230;0.082631;0.013830;0.002174;0.016145;0.008066;0.014471;0.008772;0.013780,6
ads_30,29.895990;34.493452;64.924534;65.132970;50.205188;45.980978;45.784337;2.821730;22.719536;48.271660;88.446018;70.465994;12.607715;21.547544;84.215338;7.547793;27.339196;73.785248;22.143458;96.964675;84.016402;31.698974;98.144138;89.725074;20.877547;58.369859;52.967499;81.181550;40.624073;23.306867;90.284907;59.320675;13.380284;30.130849;1.761339;79.553195;94.957340;68.026396;80.960812;58.521479;59.417378;60.324961;37.170724;54.185669;54.422484;7.340833;34.800457;85.223295;48.105820;85.541316,0.008577;0.006343;0.002268;0.064992;0.000661;0.003194;0.052610;0.004549;0.033167;0.007509;0.011730;0.003940;0.190011;0.003100;0.006799;0.053208;0.003917;0.009350;0.005196;0.004377;0.008070;0.007001;0.006663;0.009322;0.010257;0.002393;0.009196;0.010189;0.006673;0.003221;0.003211;0.042762;0.048200;0.005151;0.002813;0.073629;0.134721;0.003213;0.004827;0.010912;0.012133;0.008391;0.000818;0.005943;0.010096;0.000976;0.011599;0.002085;0.065415;0.004624,17
ads_31,90.483868;87.827404;18.069287;87.541185;15.181062;99.627611;52.167183;80.868110;49.044695;83.522842;62.597220;71.615223;48.284115;44.394306;42.335018;68.523931;79.082390;23.836795;29.579023;42.653612;88.686799;86.748963;61.983553;17.831576;48.798318;10.504405;93.965036;36.298078;91.743275;19.579539;14.229669;79.208193;48.046015;29.728502;25.017566;38.355861;93.479733;74.671737;56.347185;24.683461;41.978187;17.077681;98.135272;91.478268;26.511504;40.111363;60.587064;84.419491;70.209077;84.008135,0.007013;0.009965;0.005706;0.013802;0.016312;0.013758;0.035789;0.004210;0.004437;0.001827;0.015686;0.009143;0.010454;0.007410;0.179041;0.082990;0.012244;0.002280;0.004446;0.014744;0.014786;0.001550;0.192546;0.013534;0.013018;0.005855;0.007133;0.016207;0.000725;0.011853;0.008698;0.046661;0.009501;0.000580;0.000907;0.001258;0.040966;0.001140;0.013709;0.000069;0.003442;0.013300;0.007750;0.012760;0.010535;0.009044;0.001571;0.064242;0.011663;0.013738,24
ads_32,54.268176;64.061198;47.174210;33.160513;98.234905;63.972677;63.490994;96.639615;23.554863;61.229788;28.048958;26.630823;49.163302;9.998838;0.360998;67.602609;4.385964;22.380922;0.811410;52.930497;31.627729;17.387776;81.565912;41.045269;56.349189;52.464704;67.554149;5.181693;97.575960;95.576338;94.588314;21.827800;60.952914;55.382222;57.255788;25.703164;10.745068;69.177470;28.184264;54.013728;82.222405;53.464656;91.956988;83.669408;70.866431;59.414325;62.144778;77.359639;14.072864;38.143391,0.004501;0.015883;0.003601;0.007062;0.001451;0.002293;0.013893;0.057731;0.000036;0.009261;0.007070;0.014017;0.002304;0.015944;0.013062;0.001783;0.038733;0.007226;0.008602;0.011524;0.006631;0.001799;0.001237;0.013103;0.190031;0.007663;0.001164;0.017194;0.011708;0.103518;0.006088;0.016612;0.014002;0.004258;0.008275;0.000752;0.006058;0.006119;0.039122;0.012882;0.009260;0.012514;0.102930;0.084630;0.048874;0.005528;0.013135;0.008082;0.001169;0.009683,7
ads_33,63.193006;49.685263;5.164258;68.983662;45.037604;71.057758;28.784683;78.072531;61.057754;9.844095;41.455554;76.079670;2.092976;32.629752;99.317739;61.422527;71.797374;60.386033;62.485658;80.546184;32.248190;94.563612;78.981928;60.050466;55.333224;53.503520;4.990892;20.853448;71.291855;87.329177;67.663027;1.688832;94.569084;72.807128;14.324657;74.026375;2.052969;80.278791;20.910531;66.970395;29.173113;62.434715;29.444859;47.918664;91.366779;0.966691;83.036963;14.022194;66.018272;34.832833,0.004618;0.009377;0.000190;0.003348;0.001232;0.064347;0.009977;0.003530;0.005012;0.000049;0.008433;0.008614;0.005422;0.003353;0.151405;0.068921;0.009524;0.000836;0.003460;0.012138;0.050994;0.141174;0.036986;0.048524;0.050120;0.003268;0.003739;0.054638;0.009560;0.010555;0.001147;0.003341;0.008723;0.006572;0.003694;0.006102;0.006944;0.001123;0.008737;0.005335;0.000865;0.010149;0.008723;0.031681;0.012096;0.004361;0.005996;0.050618;0.039627;0.000822,23
ads_34,23.243457;31.724678;25.645409;38.012951;79.111365;99.174339;14.554902;72.927981;48.153016;91.386459;93.583970;1.953069;73.517185;81.684890;14.247712;20.214607;58.237571;27.474729;80.828977;3.651557;66.844045;47.128678;46.379154;79.185599;66.742022;14.806390;27.883847;51.359006;24.829295;43.438334;59.061072;29.674445;61.976351;19.688426;34.226244;92.497377;87.705815;96.164284;52.164637;62.323677;94.308464;51.803061;20.267197;0.113805;80.957496;98.422250;49.211316;93.058998;77.865101;57.426171,0.044876;0.004614;0.004068;0.004243;0.003821;0.009302;0.000410;0.011898;0.010464;0.186854;0.035593;0.003216;0.006631;0.001352;0.002593;0.002589;0.009307;0.042159;0.011866;0.055678;0.010541;0.005039;0.002199;0.111437;0.012325;0.008213;0.009504;0.058246;0.000551;0.004403;0.061019;0.058790;0.002717;0.000219;0.010052;0.010733;0.010127;0.000616;0.006528;0.005072;0.007622;0.010394;0.003618;0.056210;0.006561;0.008713;0.000159;0.003578;0.007450;0.055833,24
ads_35,65.714999;96.060043;5.243862;29.280983;34.320107;78.909043;13.162868;64.655710;52.824236;25.575093;11.607570;93.510639;29.079915;28.151139;26.048367;88.072914;58.468954;74.832094;97.626173;12.689433;51.517738;4.091037;35.095779;31.751327;0.541399;75.244960;21.938857;79.428739;8.658848;55.798293;8.100284;14.473967;80.201519;40.510806;90.912395;41.608518;87.625569;57.294020;9.485263;84.376231;17.099916;45.873717;88.112068;27.503027;91.579276;69.399063;44.424556;37.479178;29.022038;41.743560,0.008303;0.013166;0.001652;0.006503;0.001774;0.011238;0.011380;0.008873;0.014606;0.007975;0.012557;0.166321;0.011142;0.002173;0.000443;0.005625;0.005476;0.082875;0.092113;0.002627;0.001401;0.093828;0.004346;0.004928;0.014075;0.002291;0.007313;0.042298;0.015471;0.013679;0.056569;0.009716;0.012897;0.004244;0.001713;0.004617;0.010761;0.044898;0.013883;0.083713;0.001926;0.010646;0.003353;0.009108;0.014693;0.006026;0.015351;0.000496;0.013713;0.015221,30
ads_36,55.715911;89.946269;18.995423;99.617841;28.365444;15.097782;54.569219;55.626718;78.583249;57.325425;70.253469;65.828724;82.493649;60.669328;85.760734;80.297125;57.456078;52.686137;4.381754;38.614867;49.570609;17.510339;49.823280;28.599403;87.254513;16.011806;71.085416;34.019756;88.271745;17.583592;14.912996;99.321061;79.565381;43.363093;92.097668;48.662852;61.645026;37.385863;95.386427;66.486772;41.697670;46.473441;39.762953;99.164323;85.556801;49.935862;66.423768;0.792063;70.007246;85.490678,0.013890;0.007085;0.010407;0.004539;0.003951;0.010527;0.005972;0.008594;0.001839;0.000765;0.016273;0.008183;0.016327;0.007126;0.007215;0.256232;0.012492;0.000569;0.011264;0.005910;0.004270;0.010111;0.053887;0.003428;0.014893;0.013705;0.005599;0.014292;0.015723;0.099666;0.016327;0.010133;0.003796;0.008687;0.005942;0.010698;0.098245;0.013546;0.017164;0.013778;0.001352;0.006198;0.015695;0.006635;0.001669;0.013229;0.081902;0.007953;0.011603;0.010715,7
ads_37,91.667750;65.005256;67.444978;39.583426;71.033711;96.675331;91.754340;37.712274;22.300584;3.135526;7.114991;95.117486;76.642528;79.248162;94.435184;70.016140;26.229320;78.579960;48.766055;54.971157;95.760134;78.449080;20.290304;92.312115;23.350697;2.131739;74.338129;57.404006;46.086184;43.861883;77.559777;96.575609;7.249006;81.080128;88.479502;68.741387;56.162248;59.522183;10.388331;39.658459;75.100069;68.560617;16.730289;63.678308;9.450496;1.656940;4.706435;97.809683;97.879506;31.310915,0.012517;0.013976;0.013933;0.013376;0.014007;0.004091;0.014846;0.119631;0.088260;0.003041;0.010298;0.009015;0.010385;0.016623;0.013528;0.016666;0.000720;0.001761;0.009551;0.016739;0.016993;0.007112;0.001314;0.004723;0.003912;0.002918;0.002713;0.019227;0.006036;0.018129;0.005219;0.006754;0.010385;0.014788;0.013239;0.016981;0.008915;0.012560;0.002399;0.017237;0.016177;0.108063;0.001694;0.007234;0.014458;0.008166;0.012327;0.046989;0.016296;0.174078,7
ads_38,81.308772;29.503999;78.543864;57.485642;99.980312;35.138233;10.128220;12.427976;76.701265;14.606121;95.827818;7.381728;20.366491;16.776528;57.308816;61.091591;95.447252;14.002359;62.037569;42.319213;40.109689;28.561187;85.419148;5.805710;96.281954;14.721466;81.029043;75.388582;50.471801;58.675189;47.912942;17.403991;17.561257;93.458160;47.791755;67.224999;62.521678;20.415595;51.085247;79.243873;35.228788;79.137198;47.864535;75.559807;91.519096;91.509509;7.668017;19.507394;96.765869;36.838708,0.009918;0.013285;0.011110;0.009736;0.006538;0.006564;0.009621;0.004308;0.201996;0.010367;0.011891;0.010480;0.002598;0.013570;0.010041;0.011644;0.006135;0.042282;0.027666;0.002434;0.013529;0.007726;0.005546;0.007464;0.003381;0.007704;0.004885;0.003021;0.012590;0.006423;0.010928;0.009907;0.001570;0.000301;0.002372;0.007147;0.005275;0.005107;0.004545;0.010777;0.079623;0.010455;0.013128;0.066586;0.001164;0.010540;0.011891;0.080711;0.173060;0.000462,10
ads_39,92.266713;79.508154;11.739281;63.652551;76.734832;57.191961;56.410209;30.730270;79.744720;70.303043;62.110506;16.002859;40.062494;3.652702;52.200628;80.468868;64.330541;76.652546;49.343452;60.542984;19.742632;0.869950;79.253266;20.717190;35.083652;42.040807;8.805908;71.008918;54.147240;32.755499;71.493884;2.665151;48.329646;78.309058;9.121926;11.413747;25.054618;81.382156;74.003190;62.728985;59.830752;10.980924;62.793142;1.061477;3.484556;2.396440;73.541308;78.470968;92.124002;95.052370,0.003850;0.011896;0.004167;0.191051;0.010892;0.007159;0.002391;0.007757;0.055251;0.003211;0.004844;0.005221;0.009199;0.009255;0.006786;0.012248;0.009627;0.003870;0.000376;0.011491;0.004040;0.007380;0.010804;0.002066;0.003863;0.030611;0.011198;0.001891;0.060562;0.182390;0.002780;0.006417;0.004409;0.012379;0.003798;0.012373;0.004572;0.055894;0.006236;0.001287;0.048843;0.007188;0.005552;0.011816;0.006212;0.068506;0.036361;0.003371;0.012103;0.004558,5
ads_40,63.795747;17.066881;31.957598;46.530579;76.139732;9.396952;90.342278;36.473281;68.616355;8.238626;81.084997;22.723630;21.589259;52.875849;93.520424;94.785392;19.638219;67.008111;34.474597;99.421147;75.411580;45.475927;78.935409;23.067025;74.303207;76.068060;17.694192;75.455638;96.210854;22.002985;65.461288;11.690367;16.060088;56.970974;6.430714;13.054815;40.879585;5.813344;0.405413;74.904672;68.571729;56.305526;42.995051;56.490160;25.421865;27.786536;82.696298;64.509030;9.667292;46.369487,0.043330;0.004313;0.069433;0.012645;0.012302;0.001148;0.068371;0.009242;0.123453;0.012561;0.012311;0.007608;0.031001;0.009740;0.002905;0.013099;0.001193;0.001318;0.007127;0.013932;0.005669;0.014083;0.140993;0.008653;0.007146;0.011108;0.011773;0.011746;0.012582;0.011911;0.062781;0.006707;0.003282;0.012004;0.013936;0.001336;0.009941;0.049623;0.006764;0.013552;0.012834;0.009171;0.011831;0.007357;0.003977;0.005162;0.000316;0.008397;0.065784;0.002549,29
ads_41,56.460104;27.696979;56.746802;2.829253;32.840876;32.290121;82.951351;61.062306;69.771663;4.996346;73.543968;42.055856;88.360574;8.058195;93.533394;12.965007;22.130239;9.745350;79.952065;15.163406;11.866508;35.198127;77.018986;3.538889;83.036314;10.342396;21.355218;80.414818;29.880073;31.604127;82.268539;12.448437;30.868823;63.732481;85.511378;31.190145;0.647225;25.203886;66.642123;57.440282;0.380547;79.040008;73.376891;6.308315;75.251458;82.614053;53.336780;34.777732;0.047651;98.709695,0.011367;0.003091;0.062465;0.002685;0.051231;0.007550;0.012068;0.067717;0.003931;0.002354;0.002094;0.002824;0.040575;0.012524;0.033527;0.001794;0.003040;0.002022;0.011688;0.009472;0.012508;0.004570;0.058261;0.004418;0.012753;0.002837;0.044224;0.187525;0.052324;0.002502;0.000406;0.132674;0.001274;0.002805;0.009639;0.006279;0.011559;0.001942;0.008479;0.009639;0.002080;0.000496;0.004849;0.007604;0.006284;0.000030;0.009846;0.006023;0.000134;0.052016,26
ads_42,19.558989;69.457922;57.107963;74.395366;34.686520;98.279873;79.535204;96.955589;33.155500;85.533655;43.071201;5.479186;88.409022;26.591768;54.168020;66.703105;7.326627;82.957496;54.626649;79.558072;61.357674;34.643900;65.327363;51.190191;2.839756;68.400346;85.986131;2.932755;78.447736;14.953491;97.071261;20.593564;24.038658;20.701057;55.396097;49.738488;66.092297;70.921708;8.763471;18.616479;17.071909;10.180997;86.469499;13.501109;45.653704;76.119166;7.087424;43.645513;48.988679;32.279258,0.009017;0.009247;0.010752;0.002177;0.002948;0.072887;0.010401;0.009687;0.197891;0.010364;0.008785;0.000728;0.000881;0.012149;0.043229;0.008042;0.008216;0.011969;0.033458;0.009725;0.194500;0.002994;0.004284;0.011922;0.044895;0.079234;0.001070;0.012128;0.001640;0.005137;0.004236;0.002194;0.013039;0.000546;0.009020;0.003391;0.002600;0.004577;0.002435;0.002365;0.000842;0.003905;0.010191;0.004044;0.000080;0.007268;0.009980;0.039942;0.002365;0.046622,27
ads_43,47.543320;84.196905;36.808914;91.436537;14.693270;56.845404;68.536777;70.444556;51.958645;19.047799;51.536679;16.895534;67.326890;7.806483;96.797538;31.486037;42.065992;33.166264;39.317309;22.556564;99.367926;64.111929;8.401126;0.280728;95.196161;47.661710;84.460257;11.693554;52.114535;53.374190;0.781655;8.138671;91.851721;32.105764;22.849567;28.970286;61.380258;45.401627;59.290145;12.612507;16.694817;27.069425;1.643231;23.788946;80.471655;83.188566;42.904211;73.495410;25.829084;68.170188,0.011423;0.002371;0.000585;0.079781;0.009076;0.019680;0.001165;0.011480;0.002652;0.004400;0.005546;0.017404;0.013620;0.011295;0.002102;0.001305;0.008037;0.116477;0.009807;0.016620;0.017299;0.008686;0.199240;0.004205;0.000192;0.010215;0.014719;0.004806;0.011171;0.091087;0.017603;0.007210;0.008514;0.002625;0.090678;0.004608;0.000342;0.020302;0.019416;0.007369;0.016219;0.019973;0.000907;0.007348;0.016295;0.008497;0.006272;0.013262;0.007377;0.018736,21
ads_44,71.795494;17.631966;10.915855;55.122156;26.648982;80.896118;76.423335;35.758516;74.977447;90.240355;14.142472;51.027615;80.573150;68.165379;85.730385;2.613139;87.305715;46.036048;64.546449;14.730378;66.580795;54.744018;18.193938;33.749617;54.055845;39.323198;51.946866;59.745353;20.518461;94.091132;32.725403;78.465635;57.114896;63.135059;39.827215;5.757592;79.682028;70.826836;18.479901;58.899616;95.727390;6.311509;56.993898;87.302511;62.620714;65.134629;24.354624;81.499161;60.765528;98.733105,0.036374;0.004546;0.034248;0.005175;0.015272;0.073805;0.015546;0.010579;0.001898;0.002543;0.014902;0.005661;0.094486;0.014770;0.010916;0.006232;0.012279;0.009669;0.072888;0.006968;0.007268;0.009910;0.008388;0.010431;0.003596;0.180662;0.006396;0.005366;0.004066;0.008437;0.047497;0.001350;0.006998;0.015224;0.010081;0.005789;0.012443;0.010618;0.005316;0.001121;0.011524;0.007821;0.013716;0.012124;0.071747;0.035305;0.005602;0.011547;0.009796;0.011104,15
ads_45,24.769340;33.586107;12.080097;11.259948;53.462216;44.793686;2.370898;10.741481;58.694396;35.358670;78.892046;62.988152;14.916311;18.040242;94.006477;10.305499;27.882130;5.367919;41.901580;77.375309;88.528675;54.373429;54.004960;86.306338;47.351350;30.383138;7.545740;45.750091;11.485800;47.062443;24.484013;99.178162;40.312919;87.774423;72.909493;73.354324;6.923627;65.143018;89.529500;83.961541;2.168382;13.561367;21.048999;71.634877;67.182628;78.923077;37.518077;17.975465;67.176593;77.893306,0.011333;0.001702;0.003923;0.009114;0.003551;0.006971;0.013853;0.006068;0.006047;0.029867;0.000553;0.013318;0.009185;0.044038;0.007257;0.063111;0.014441;0.012147;0.007365;0.002949;0.003219;0.080639;0.079039;0.014142;0.012352;0.062867;0.000440;0.008388;0.000816;0.081195;0.007511;0.000195;0.010556;0.001797;0.050499;0.004640;0.048807;0.000464;0.002069;0.006555;0.006379;0.155783;0.014598;0.002927;0.003680;0.050084;0.002341;0.007820;0.009117;0.004289,23
ads_46,52.777061;19.480835;44.194568;20.501538;72.485464;16.970875;25.311426;49.547054;87.219033;69.039351;86.725743;69.440553;83.237238;6.464358;86.337641;75.686816;68.960719;27.958410;45.301021;44.176035;10.071112;37.672587;4.862814;29.483281;47.540940;98.461509;34.286895;81.268440;31.958918;80.325798;69.909199;75.330532;1.503889;28.702687;37.958266;53.140870;44.037869;30.933248;62.493270;28.153454;21.039169;66.477476;84.434852;57.595844;70.306064;35.048521;58.354095;72.715705;21.518273;50.425757,0.004981;0.007013;0.006435;0.005851;0.014306;0.007276;0.009813;0.001028;0.006645;0.152649;0.009646;0.001487;0.014257;0.001334;0.002974;0.011465;0.046797;0.003536;0.080269;0.007037;0.008741;0.007868;0.011993;0.054660;0.003709;0.003433;0.003474;0.005651;0.007925;0.005240;0.000006;0.001320;0.000418;0.005625;0.010227;0.011049;0.194945;0.010975;0.010697;0.007287;0.001589;0.009045;0.001473;0.001276;0.013691;0.072037;0.041659;0.042021;0.001884;0.055281,8
ads_47,16.224158;22.570739;52.025574;90.734744;27.649539;83.743012;62.461946;15.926385;71.836262;86.351568;61.186140;37.116112;81.149671;39.217832;5.553646;59.319997;16.183132;3.011304;42.626871;43.659216;72.579686;69.480051;83.455418;73.587703;94.208563;9.283720;47.056722;22.707610;57.426729;10.658125;1.249888;96.668706;46.444620;81.327830;66.947400;45.445356;94.821485;37.678616;84.141266;50.796517;2.820147;76.742461;27.686281;59.327589;70.339258;76.340759;66.827113;32.611203;22.538565;63.340846,0.006146;0.047856;0.005181;0.081957;0.010568;0.000947;0.009519;0.009974;0.011131;0.005252;0.042847;0.007673;0.001916;0.002601;0.001884;0.006221;0.014412;0.011188;0.012543;0.013558;0.005806;0.075965;0.078821;0.067218;0.000569;0.052190;0.009677;0.014809;0.008169;0.009870;0.005307;0.010259;0.004080;0.003092;0.006806;0.037813;0.009239;0.009791;0.006688;0.005612;0.009883;0.008795;0.003260;0.005697;0.062943;0.012294;0.000964;0.014074;0.143721;0.013213,23
ads_48,58.123222;15.472201;68.547002;15.196024;51.186143;58.366519;10.136917;76.711685;20.620610;1.684351;15.375133;71.093189;84.714645;41.368341;43.403591;53.197581;59.380118;2.990559;68.222511;23.610583;21.625805;34.659487;40.439185;93.851462;6.756581;51.849108;29.778971;21.819031;87.783543;0.962479;88.584166;62.057417;87.092852;46.413334;53.069878;69.229539;52.521354;13.417362;23.758785;86.362819;13.893951;24.768710;33.317154;32.232329;33.684619;13.873447;83.026422;13.940932;37.332948;76.468285,0.012561;0.014465;0.005792;0.007044;0.007064;0.007726;0.017873;0.013335;0.061191;0.018911;0.009194;0.018375;0.018083;0.002227;0.009656;0.014043;0.000993;0.016161;0.002731;0.013095;0.005461;0.069584;0.007659;0.019140;0.010126;0.002309;0.002686;0.013823;0.003897;0.050989;0.005018;0.016885;0.200311;0.018016;0.009938;0.018948;0.015397;0.011058;0.000415;0.017539;0.049885;0.004908;0.014823;0.006675;0.017027;0.014505;0.004732;0.047455;0.070126;0.000143,16
ads_49,15.796813;48.511753;16.728773;98.315178;32.137987;28.644217;27.341305;63.710391;33.369949;12.166340;1.996916;36.019439;76.349531;66.591619;63.802599;75.956146;56.990361;1.570805;60.657914;35.943784;82.912664;82.478888;37.845471;59.740549;70.306561;93.964424;53.225976;19.206836;98.230499;95.458344;92.780394;52.685482;8.864512;29.918567;78.583041;65.598954;28.059157;92.455090;57.682122;45.844612;62.186012;38.631681;21.700622;15.007357;92.344641;37.431278;98.330219;30.949525;37.237644;72.294773,0.013176;0.003535;0.011293;0.008869;0.008358;0.009901;0.016451;0.001264;0.005671;0.015614;0.012746;0.003408;0.184494;0.187285;0.006187;0.003618;0.012887;0.003317;0.010662;0.017780;0.006470;0.014653;0.005083;0.011262;0.008674;0.003896;0.013796;0.004736;0.001118;0.008024;0.002785;0.074437;0.056139;0.016919;0.013877;0.006455;0.000254;0.014652;0.009236;0.006289;0.005275;0.014999;0.010133;0.005238;0.013251;0.070011;0.038606;0.011702;0.001967;0.013548,28
ads_50,63.450125;41.887585;73.995573;46.938111;83.004958;43.406646;63.236233;14.593485;12.446268;98.069525;82.580299;34.946428;89.911247;59.100086;24.354378;41.617079;6.291832;11.681027;40.276104;75.829569;52.853673;94.596595;91.314247;53.083081;5.669203;63.619196;74.035997;87.177307;34.583967;55.289870;73.122836;69.405974;15.530812;44.363541;75.913048;63.638664;11.484076;39.900826;13.522694;8.517033;29.142101;36.734041;4.304653;59.822583;1.871597;80.599103;69.783834;28.700913;58.795739;33.666690,0.003896;0.014698;0.014971;0.001625;0.001448;0.006700;0.012754;0.008633;0.012687;0.087816;0.005958;0.068987;0.013722;0.008242;0.005460;0.011534;0.014735;0.013254;0.011961;0.007527;0.001590;0.004961;0.005685;0.003758;0.006680;0.234514;0.005215;0.009429;0.015198;0.007276;0.002603;0.002095;0.039353;0.009551;0.004583;0.007165;0.088331;0.010403;0.059480;0.010158;0.078199;0.009915;0.003082;0.003263;0.001614;0.014686;0.010747;0.006634;0.005321;0.011905,13
ads_51,33.952158;39.456009;46.894953;81.183668;83.127724;99.952561;39.594074;61.109089;82.320662;66.289649;79.451002;61.152717;70.621307;5.600432;52.428984;22.718643;7.048449;57.852457;20.156307;9.533030;58.440690;91.805320;80.448192;36.437827;41.800911;94.586138;42.841237;39.422277;0.721900;88.612742;31.034061;93.898368;54.392096;27.092918;1.228585;71.828189;77.166342;15.107585;11.262476;95.394240;12.807436;52.014638;53.492554;69.186281;69.124043;0.670601;33.865859;43.071409;54.931021;32.739607,0.008586;0.044117;0.000660;0.010943;0.010422;0.003728;0.009087;0.048281;0.009208;0.196406;0.011427;0.010823;0.059615;0.008884;0.004185;0.151995;0.010667;0.001808;0.003790;0.071657;0.005116;0.012046;0.010167;0.005913;0.002445;0.007547;0.000507;0.002432;0.001363;0.037883;0.009391;0.009744;0.012158;0.005071;0.025717;0.012319;0.005666;0.008627;0.012334;0.008347;0.029889;0.032885;0.009986;0.009032;0.001292;0.004786;0.001591;0.003704;0.033521;0.002232,14
ads_52,64.372305;77.143306;28.031738;90.414073;3.272171;84.961664;70.403522;47.456713;44.169623;32.868004;24.966181;93.241064;13.286153;21.764484;52.505952;41.437623;2.679872;90.726050;80.980256;8.767411;50.271166;7.736628;85.247824;87.180041;13.951495;55.159596;67.100502;13.446782;17.794766;42.637672;81.165883;11.153760;49.857818;13.633539;51.634559;79.645805;41.114265;50.341073;55.653511;98.126677;22.844184;7.598414;72.070993;64.466102;3.618747;91.586898;25.328768;85.406604;0.553999;35.635951,0.003221;0.062986;0.009850;0.011423;0.032777;0.010140;0.006354;0.011708;0.034020;0.002188;0.000555;0.003310;0.010686;0.032010;0.011289;0.012205;0.056112;0.000356;0.002008;0.065968;0.007918;0.147218;0.009303;0.006905;0.008463;0.011280;0.011147;0.008726;0.011589;0.008546;0.001846;0.005397;0.009727;0.010431;0.006473;0.004240;0.005312;0.008295;0.118522;0.052606;0.008861;0.005551;0.001537;0.054124;0.004916;0.004607;0.010214;0.000248;0.009595;0.067235,25
ads_53,83.991802;53.421557;93.813524;73.543836;32.288799;71.716470;76.133344;99.064760;79.836759;55.075507;76.715053;12.379804;50.531300;60.781959;88.794025;46.488377;10.501494;28.524669;66.173375;21.273025;56.872001;33.348517;89.707998;93.137340;78.213926;39.097986;16.091192;77.290221;4.035524;22.734611;6.368284;29.702332;66.085497;51.235385;76.799977;70.543854;21.228808;39.402642;50.504463;40.900084;99.236056;51.088663;51.073731;58.656100;7.758435;9.032307;96.241915;27.937653;36.235812;87.481346,0.100733;0.008685;0.001666;0.004723;0.007623;0.005494;0.006633;0.006593;0.097931;0.058191;0.003636;0.015849;0.005859;0.009217;0.056697;0.004926;0.009090;0.012043;0.006309;0.003894;0.000784;0.011585;0.106741;0.009315;0.008095;0.072732;0.001322;0.002822;0.015242;0.008448;0.005418;0.010250;0.004872;0.004027;0.013152;0.007800;0.008593;0.014799;0.011318;0.008364;0.011932;0.001545;0.010531;0.004060;0.003034;0.066373;0.002091;0.147395;0.000306;0.001262,16
ads_54,91.284571;88.235164;0.311325;35.465387;1.239959;66.803955;98.277092;60.432385;45.277287;49.733648;85.306154;11.664887;47.128244;48.836575;11.827809;17.669954;34.617622;4.952210;41.585383;99.425510;63.466593;13.413388;46.658603;45.432360;36.324977;80.978550;4.635752;18.746698;72.123094;16.907695;35.973150;10.267846;35.735180;23.685155;20.514584;82.328082;44.015441;20.399903;39.706819;94.259636;59.245000;96.620980;54.730072;86.119362;93.499126;70.544896;33.888976;28.530769;36.463664;18.405124,0.000119;0.010453;0.005157;0.002239;0.009902;0.006245;0.011906;0.002834;0.001134;0.008365;0.009692;0.002366;0.009922;0.012108;0.007233;0.057555;0.030076;0.007697;0.010708;0.075557;0.012663;0.009983;0.012143;0.005318;0.007917;0.006422;0.073888;0.010169;0.009116;0.012657;0.046474;0.002308;0.003403;0.012578;0.140873;0.003174;0.001995;0.010312;0.046084;0.006152;0.003651;0.001955;0.001343;0.202710;0.000896;0.008681;0.000022;0.005360;0.011085;0.049398,16
ads_55,32.897782;34.516517;84.794793;87.695516;63.143965;61.956720;98.450231;62.172245;73.606944;18.318351;75.928990;19.485575;92.245065;68.155515;75.279259;14.011680;10.773270;92.770123;92.987202;22.648574;92.978249;49.887263;25.742388;39.538450;70.669381;43.066044;60.573549;67.777564;48.286027;22.020884;86.439189;98.428020;67.000152;88.154235;95.405955;99.336214;46.746695;6.030747;25.143963;6.269457;75.183873;9.146173;52.004134;10.756054;9.377199;98.102771;75.254402;59.872615;86.230088;74.453360,0.004596;0.000762;0.005940;0.081481;0.007284;0.048635;0.052321;0.006242;0.005824;0.077886;0.000571;0.000728;0.008882;0.005859;0.003631;0.000839;0.004048;0.067258;0.008323;0.012462;0.030241;0.002294;0.000853;0.010423;0.013235;0.010778;0.000957;0.006539;0.181000;0.012598;0.009814;0.004412;0.005100;0.032016;0.002596;0.002422;0.010842;0.007350;0.004034;0.001816;0.065746;0.008293;0.012438;0.013546;0.001447;0.003351;0.074266;0.007289;0.047342;0.013392,20
ads_56,47.136023;0.054672;20.279093;57.122544;12.341408;49.820211;19.243132;84.092230;80.089336;70.125000;65.663086;85.062684;17.502386;88.263722;17.168062;67.253910;11.709760;28.534399;65.276503;27.119397;1.578809;4.232606;1.384074;76.710351;92.827094;69.623104;78.249729;33.044950;35.047940;77.396001;37.675372;36.473881;96.452067;63.756739;62.884121;80.971810;88.306072;20.958501;48.012190;76.831175;71.335574;66.655079;27.279825;11.202414;96.517108;22.090812;13.033277;79.847353;9.142407;87.524099,0.008390;0.002977;0.007266;0.220960;0.002018;0.012257;0.007244;0.017682;0.045212;0.000235;0.149642;0.002677;0.005788;0.009284;0.045558;0.014666;0.015380;0.050896;0.012785;0.015995;0.017015;0.002891;0.001334;0.001916;0.015056;0.017249;0.015313;0.004650;0.002731;0.010349;0.011843;0.008106;0.006152;0.016469;0.014737;0.011732;0.006979;0.012459;0.016832;0.088883;0.003874;0.014181;0.002304;0.002026;0.005237;0.003523;0.012653;0.000005;0.014193;0.012394,5
ads_57,8.261142;20.908808;26.982913;56.987594;98.795906;53.305609;98.300354;75.544282;45.373647;93.448638;39.015793;10.605995;19.732082;31.138828;41.743464;56.343075;50.047157;93.871554;40.803975;60.413423;58.670899;77.621969;55.866659;82.737885;57.512694;12.827613;29.639988;81.160604;86.608100;92.424382;62.750550;9.801421;88.706405;58.261068;51.918796;86.754073;16.737022;74.098143;52.210708;92.392455;99.090128;20.253519;4.242750;12.435842;8.578880;12.037729;52.898913;66.978038;12.590007;68.287251,0.007173;0.000302;0.013363;0.067459;0.005709;0.007802;0.057159;0.003255;0.004757;0.073807;0.148513;0.006120;0.003472;0.013650;0.002203;0.013484;0.000187;0.008318;0.163328;0.002676;0.001709;0.012177;0.005379;0.010463;0.010811;0.050249;0.011748;0.003668;0.000625;0.000705;0.060002;0.010978;0.000379;0.003832;0.011728;0.003058;0.009590;0.001020;0.001043;0.007332;0.009227;0.036922;0.003829;0.011670;0.006173;0.034780;0.002098;0.009504;0.060647;0.005917,29
ads_58,52.839742;50.116902;18.485412;65.812890;94.491216;67.326219;74.677692;43.017023;36.120021;15.358982;51.915507;68.435074;32.130113;7.220309;4.094470;39.163904;2.705016;33.266798;65.079245;23.156517;81.075497;39.014615;60.354749;26.491029;34.215675;93.099190;27.449711;49.932115;61.732837;16.279404;33.347696;98.939163;61.724576;80.754922;52.440929;33.170056;20.891276;34.777942;49.181110;41.413983;35.264869;71.069167;64.884333;6.494556;58.627691;4.369112;96.253495;93.932452;50.525727;92.390224,0.007095;0.006800;0.069192;0.011794;0.012131;0.013020;0.002664;0.156773;0.006586;0.013440;0.013509;0.002431;0.011064;0.000912;0.007074;0.005739;0.001655;0.004213;0.000842;0.011976;0.079908;0.010273;0.006379;0.006856;0.001831;0.076251;0.077012;0.011769;0.009752;0.006557;0.013407;0.001277;0.059810;0.001086;0.012779;0.009621;0.076814;0.008786;0.010095;0.005074;0.002781;0.008233;0.011323;0.011099;0.000360;0.072458;0.003786;0.035096;0.008757;0.001859,19
ads_59,13.767845;78.532544;50.246400;36.694124;96.514836;4.673273;86.166509;82.882259;62.313392;77.768766;38.215964;76.665136;43.246627;64.765005;28.275816;94.403613;60.943497;3.753709;49.363869;25.145009;67.788824;54.622510;52.964631;1.802014;98.303821;69.097611;83.008936;23.825076;30.235127;0.373220;87.231380;91.876371;4.320789;4.541275;45.327697;10.658234;50.109956;11.698915;58.722641;90.013793;91.739318;62.658653;76.199992;84.337469;2.266578;99.212405;28.902325;17.934674;0.355696;13.975317,0.071170;0.010467;0.009940;0.007337;0.089959;0.005916;0.016300;0.011838;0.006707;0.018116;0.008621;0.011137;0.011568;0.008460;0.013015;0.159647;0.012467;0.012318;0.003970;0.016479;0.001204;0.007247;0.002588;0.013062;0.010420;0.004510;0.007110;0.000050;0.004729;0.006774;0.010865;0.015559;0.082891;0.008446;0.054123;0.004319;0.054857;0.006518;0.003938;0.001269;0.004759;0.014588;0.067171;0.016636;0.002795;0.003662;0.001081;0.017931;0.055391;0.010076,17
ads_60,26.003664;94.268951;23.076062;34.966083;79.584474;49.152456;56.895412;70.531009;99.008363;52.370364;54.413554;5.563336;43.765016;64.855302;92.505983;36.448286;24.774869;41.584880;52.647870;21.595824;43.835371;59.139833;16.504832;80.091419;90.015663;40.295664;6.825453;13.592777;76.047005;68.658988;76.108120;65.242349;4.560859;28.528541;39.365419;37.065562;56.446139;34.797985;93.000351;41.614210;27.869446;40.539929;56.117939;78.774887;20.528720;17.851835;73.058500;79.892724;68.900814;22.997641,0.086287;0.014104;0.085330;0.016093;0.013026;0.001454;0.033506;0.005043;0.007129;0.071059;0.065660;0.011713;0.013967;0.081494;0.001798;0.006338;0.004638;0.003027;0.014226;0.032793;0.006811;0.016144;0.001384;0.008224;0.004434;0.009534;0.002373;0.009166;0.010453;0.002885;0.014761;0.004954;0.005072;0.032640;0.002209;0.000225;0.012274;0.013379;0.010194;0.013247;0.007824;0.007027;0.037992;0.005329;0.005799;0.004397;0.152217;0.005962;0.015311;0.009096,20
ads_61,86.631984;38.000571;10.710107;89.125850;17.960500;20.994886;14.772407;56.846013;69.238580;15.101551;65.350846;54.546226;13.835240;90.106616;15.854434;68.113015;20.993676;33.491922;25.630937;46.709206;6.669700;67.386783;15.112835;34.874585;87.736077;67.003247;27.044577;92.962211;69.458060;55.434777;50.378481;43.487826;27.189150;3.471414;44.471692;6.593831;52.270312;54.133353;84.067691;60.094710;84.396155;75.178406;27.827417;91.793858;56.159619;92.053079;16.561033;45.587884;96.665919;46.874954,0.001048;0.003253;0.011462;0.083777;0.003049;0.001123;0.009366;0.000524;0.012921;0.012437;0.009128;0.000987;0.012640;0.168817;0.003365;0.012597;0.007445;0.001943;0.040602;0.035025;0.006636;0.012669;0.010119;0.006538;0.196427;0.013629;0.009226;0.014584;0.015128;0.001279;0.001096;0.002534;0.001447;0.001300;0.008794;0.004803;0.002051;0.009297;0.085195;0.010974;0.012984;0.000711;0.000210;0.007160;0.080830;0.005610;0.010212;0.006573;0.015181;0.015294,24
ads_62,4.075952;86.521734;79.684916;78.685909;38.945421;66.234929;30.093453;46.169985;23.552598;11.082484;85.412999;99.916648;86.954708;25.610220;11.839966;96.374768;86.743468;84.725638;88.065038;49.860144;59.965517;46.188771;58.795321;57.920158;83.247145;64.397767;15.191267;34.979573;49.365215;23.049218;16.578409;66.824913;86.614725;91.226899;63.488988;89.309588;24.501170;86.188172;99.667868;11.874605;54.241387;38.503774;64.845435;92.415763;13.289955;18.731846;88.317735;25.692410;3.971762;61.911715,0.006754;0.016003;0.010797;0.279811;0.017080;0.007440;0.010659;0.001555;0.017550;0.013612;0.000023;0.013057;0.009430;0.001858;0.003237;0.002196;0.013980;0.012026;0.001195;0.014974;0.015171;0.004175;0.011683;0.076603;0.002904;0.000053;0.002049;0.012706;0.015250;0.004883;0.002442;0.012077;0.004902;0.004081;0.008986;0.015451;0.052313;0.088628;0.011122;0.005377;0.014719;0.068458;0.006935;0.082267;0.000408;0.005056;0.005679;0.005304;0.004557;0.002525,11
ads_63,58.353620;17.230189;55.948307;64.783447;2.058701;41.123292;69.501748;90.399992;58.169479;90.029280;17.134656;32.104344;42.481363;6.902827;70.363149;93.806022;58.310417;96.261633;12.011054;70.470758;44.296949;41.391744;57.917592;91.429698;8.926672;71.639185;64.683520;45.472100;66.934949;56.977474;86.454213;99.207470;71.088266;44.708411;33.727874;41.587281;27.929725;18.125593;98.575471;10.953754;14.628568;33.682083;18.279904;38.316531;38.924389;10.100372;45.580179;57.703475;39.930259;24.914162,0.011942;0.009468;0.008294;0.014606;0.010436;0.006521;0.170058;0.015041;0.006662;0.002703;0.009598;0.001363;0.012173;0.011961;0.011396;0.000761;0.012041;0.014579;0.005205;0.001628;0.008656;0.014875;0.003253;0.002967;0.000579;0.010182;0.013657;0.005644;0.012520;0.012650;0.002164;0.009144;0.009838;0.011218;0.013803;0.006168;0.007469;0.006202;0.043038;0.155102;0.002559;0.013366;0.007359;0.075179;0.000514;0.085426;0.075362;0.013623;0.040301;0.000747,14
ads_64,49.713948;59.116784;54.716688;50.253522;11.664608;45.838698;3.753921;77.394124;63.500080;40.740080;51.336284;90.713136;86.473723;98.847439;1.585299;45.544336;82.349164;52.488910;13.725527;0.863575;44.976453;1.937244;73.954443;29.364853;91.634993;77.103704;50.346510;60.246938;47.894230;40.668451;65.228467;44.263982;71.540660;60.492958;16.591389;41.124446;92.246506;15.677131;20.240223;53.224865;82.986579;14.216144;77.149918;70.823342;41.837862;71.898232;20.676842;45.383007;70.528146;81.121039,0.013447;0.013406;0.014613;0.007607;0.010358;0.002487;0.002799;0.007388;0.013493;0.009415;0.015432;0.007727;0.004012;0.013899;0.002831;0.000256;0.010500;0.000071;0.181499;0.072488;0.003972;0.003872;0.007263;0.003602;0.012864;0.073268;0.003983;0.003951;0.001553;0.001778;0.012876;0.002834;0.000278;0.006011;0.006516;0.037827;0.004640;0.011873;0.072892;0.006332;0.008632;0.197809;0.004778;0.003802;0.008315;0.006065;0.002118;0.010194;0.015271;0.061102,23
ads_65,7.530604;39.381265;76.782916;15.381161;6.587999;49.673006;96.896913;39.363526;55.882032;16.948168;10.545608;52.780739;60.305881;64.647304;99.396927;44.128161;77.247248;70.093819;2.088874;26.294590;60.685140;60.133357;56.556022;17.679217;2.335062;31.936503;85.450337;85.264863;69.431420;1.610900;29.445148;8.138672;7.118429;11.134655;55.434474;64.185627;32.974837;85.889094;7.499575;64.710857;23.567621;89.754399;69.996737;42.258950;42.426844;99.655725;2.127918;19.764179;42.427679;3.298243,0.004176;0.012885;0.010415;0.000170;0.062354;0.001413;0.012047;0.055101;0.002965;0.000656;0.047755;0.010903;0.003558;0.002261;0.005998;0.009472;0.009872;0.007696;0.009559;0.003286;0.045164;0.003554;0.001180;0.001955;0.010438;0.004645;0.008045;0.010477;0.011147;0.009445;0.008306;0.041308;0.133164;0.004652;0.005474;0.008912;0.009235;0.039389;0.000507;0.012191;0.004592;0.005097;0.076070;0.008456;0.147668;0.003402;0.070087;0.005756;0.005757;0.031382,9
ads_66,45.202512;91.156549;19.569751;18.868450;36.973124;43.912281;33.667995;98.332731;99.477931;10.457621;22.149201;99.544430;13.505011;68.226442;95.758092;99.693325;84.403549;81.273524;77.473238;50.848941;6.122514;40.781873;28.893431;2.185081;49.527217;76.811439;31.110744;8.278744;83.580020;60.387443;33.373349;61.267825;85.471507;17.769396;85.723260;21.664969;70.581749;75.728796;27.426984;56.526285;43.907580;56.924368;26.742815;30.159147;87.793998;53.651019;87.285854;13.327422;87.278623;66.149115,0.007000;0.043183;0.004777;0.002276;0.006348;0.010366;0.003867;0.162806;0.002595;0.001761;0.011231;0.059702;0.012825;0.003313;0.031267;0.012908;0.004553;0.194059;0.002856;0.008092;0.000677;0.011437;0.008526;0.009707;0.013094;0.000787;0.011500;0.006586;0.057068;0.012581;0.002913;0.011792;0.046465;0.005269;0.011728;0.009118;0.002148;0.012900;0.004187;0.008364;0.003286;0.066937;0.012015;0.010154;0.000809;0.004367;0.007350;0.011373;0.012963;0.038117,6
ads_67,80.784046;57.137653;98.633216;64.806515;10.952663;44.405286;93.448533;58.940422;94.574707;28.363492;25.305560;59.120726;18.145252;70.720816;90.911340;64.983059;37.618791;54.898963;2.156107;3.100741;45.672549;92.246724;79.587901;49.683961;7.609532;58.817812;39.273897;11.546305;21.319996;40.601524;74.340410;48.053757;32.071749;6.707308;12.548225;8.529139;70.993935;73.156872;93.473786;3.145278;21.380609;85.821457;34.509657;73.373383;71.605952;8.725079;18.072779;2.957178;57.596382;76.534720,0.012929;0.011090;0.008345;0.009956;0.004932;0.008832;0.012102;0.007024;0.083537;0.001439;0.064621;0.001850;0.006073;0.008926;0.006912;0.155006;0.008513;0.095536;0.016315;0.009614;0.002114;0.011652;0.013996;0.012649;0.006846;0.006887;0.015308;0.017174;0.011958;0.001374;0.007216;0.016973;0.001730;0.049859;0.005349;0.015871;0.002199;0.005339;0.002673;0.070252;0.017181;0.004040;0.055257;0.009742;0.002107;0.081437;0.002743;0.000305;0.001826;0.014390,6
ads_68,68.916045;39.472219;38.303804;94.352677;14.163409;77.563465;91.018573;34.345895;61.414144;2.521793;90.525658;41.984900;74.712794;94.535650;41.970564;60.478994;13.423666;89.470499;6.439162;82.316438;60.979254;32.397722;68.492704;75.673195;73.174463;33.942987;76.015153;63.942084;95.852017;1.877821;32.994746;25.446831;50.565796;83.728093;73.938958;83.258309;88.058312;76.948518;25.614637;22.240208;92.719013;49.219434;27.405881;54.914610;99.192048;29.962230;70.240710;94.260104;22.811973;88.890574,0.011029;0.000475;0.005194;0.031127;0.001639;0.012042;0.002497;0.006402;0.040360;0.008906;0.001108;0.010975;0.006878;0.049088;0.009148;0.127184;0.012052;0.002475;0.001938;0.006920;0.072027;0.003522;0.001369;0.066231;0.007120;0.079216;0.047134;0.031948;0.002828;0.038100;0.040317;0.004631;0.000903;0.002784;0.013328;0.001468;0.009959;0.003517;0.006162;0.010734;0.012371;0.133481;0.010330;0.003549;0.009639;0.010185;0.007686;0.009695;0.012139;0.000188,11
ads_69,77.833677;36.263388;88.791806;89.732883;14.032172;74.564808;68.229722;67.946691;12.656458;28.102700;92.506677;81.513354;39.193354;87.458669;67.274462;35.043218;7.371525;18.045389;71.387725;35.081238;69.333307;83.325790;93.681002;92.983199;91.295282;13.803484;84.519982;93.665434;67.420771;98.914533;50.540851;44.694484;24.407010;84.674061;94.135183;9.956597;25.361484;29.403819;48.611081;24.927404;12.408854;13.873988;21.728543;68.138674;32.132202;98.482783;58.412287;47.928380;23.840012;22.805457,0.009542;0.004248;0.001512;0.011810;0.003252;0.001343;0.006448;0.013698;0.011012;0.013845;0.015546;0.015132;0.008484;0.014153;0.001933;0.004477;0.011408;0.004274;0.089416;0.002233;0.013857;0.000119;0.221090;0.011206;0.003384;0.001670;0.012574;0.013155;0.007938;0.010749;0.000197;0.001642;0.005959;0.013202;0.006046;0.013674;0.093322;0.000239;0.093234;0.010442;0.061210;0.006097;0.010946;0.006536;0.003693;0.043706;0.011883;0.064981;0.005697;0.007786,11
ads_70,79.558504;25.916041;74.445558;10.441930;40.903942;42.904906;67.283271;42.997991;29.891292;62.110706;75.752078;37.022118;71.376381;13.219720;48.745084;19.534934;27.341199;98.614018;56.215844;21.856386;46.922661;44.890071;98.591724;87.975198;75.115166;89.126038;73.154431;52.334014;77.059575;30.407255;0.955471;46.037208;27.502569;30.497254;20.966584;50.340921;43.716495;49.246432;28.952278;54.704809;89.771572;75.108150;93.773179;3.717362;67.979144;27.723528;82.957809;3.045263;13.210521;49.566229,0.002836;0.035168;0.008293;0.000877;0.006791;0.007569;0.011602;0.056152;0.011047;0.004209;0.003623;0.010354;0.010001;0.048173;0.010754;0.003404;0.005570;0.046837;0.026170;0.004663;0.044163;0.000428;0.173154;0.048465;0.005683;0.003763;0.004002;0.000219;0.007075;0.006408;0.001303;0.069619;0.010804;0.009834;0.011289;0.005413;0.008223;0.008388;0.002611;0.006350;0.052838;0.031356;0.002335;0.000166;0.011468;0.006397;0.131957;0.005871;0.004766;0.011559,16
ads_71,46.026797;83.644695;83.507323;51.608123;26.578503;65.669616;43.964626;53.937522;13.381440;94.099968;74.946356;89.072196;17.209412;30.086492;7.914199;38.702438;80.335380;27.577178;87.590414;44.823210;93.567304;73.702320;73.639259;96.412661;0.567030;61.623801;60.502655;1.864276;11.037054;89.478575;98.947775;47.148393;87.936536;70.566155;23.638174;64.482512;60.302316;36.505192;36.309880;24.084762;79.499764;79.687233;35.665090;58.589724;22.033058;3.701868;74.590476;31.411234;74.107881;99.028760,0.013349;0.001928;0.007000;0.006368;0.014835;0.013655;0.002490;0.013708;0.006040;0.159629;0.006531;0.011433;0.004437;0.015251;0.006684;0.010832;0.000991;0.006510;0.003796;0.010761;0.005297;0.013600;0.063295;0.008849;0.000968;0.089925;0.012396;0.001385;0.009358;0.015468;0.004311;0.001491;0.088638;0.005506;0.011536;0.014871;0.011966;0.080018;0.005868;0.060919;0.009139;0.012640;0.000128;0.009758;0.013468;0.011647;0.013342;0.093994;0.013986;0.000006,22
ads_72,10.660054;28.834143;95.165735;83.346459;28.374922;95.008243;56.245440;14.009216;16.392639;42.490830;60.042164;54.203337;73.405784;32.657749;93.018574;68.814401;78.179417;30.007988;57.102602;89.347353;45.479588;71.778624;19.561122;7.912090;80.545039;21.012894;25.369401;6.457836;83.509090;70.724424;64.256118;56.011197;17.895642;14.905563;89.211634;47.114004;86.666263;17.137077;31.441032;28.484420;95.618822;50.654976;31.256673;93.491923;37.502842;14.093794;49.479019;99.759109;92.600998;33.274859,0.064280;0.007388;0.087597;0.044197;0.003396;0.011118;0.009089;0.007474;0.001270;0.005255;0.005403;0.051369;0.003201;0.000395;0.009684;0.007291;0.005631;0.007811;0.013914;0.009396;0.006765;0.080104;0.004581;0.011309;0.005770;0.015565;0.004011;0.013312;0.006231;0.002963;0.010085;0.002833;0.007232;0.189947;0.003184;0.001494;0.015505;0.010109;0.069515;0.008823;0.032272;0.015603;0.006186;0.014202;0.010547;0.060443;0.003927;0.011510;0.015403;0.005412,25
ads_73,19.189412;98.953316;43.988597;6.887812;78.262966;15.686717;13.837368;80.994317;44.860850;18.549600;89.493169;75.289943;35.772018;85.554382;47.506062;1.569414;88.018464;90.594964;24.786831;90.282298;66.410744;53.044870;35.580770;78.457571;40.557444;69.294605;95.982209;70.629849;65.145296;4.847036;66.656232;59.421501;2.192634;16.526201;95.759482;43.895991;71.727537;0.742242;28.587297;95.892410;47.254418;75.803715;11.222061;38.964193;72.607191;47.647465;74.979736;3.917989;17.450818;53.853118,0.004763;0.029925;0.155936;0.196185;0.002086;0.001768;0.010659;0.009645;0.010110;0.062805;0.000206;0.002313;0.010799;0.068709;0.007064;0.003706;0.006579;0.005225;0.005560;0.008297;0.010202;0.003439;0.003050;0.010378;0.036156;0.010351;0.002253;0.007304;0.073051;0.010950;0.008527;0.008120;0.005005;0.074502;0.026173;0.008687;0.000884;0.006668;0.011826;0.005546;0.009915;0.001862;0.006929;0.004200;0.006648;0.009347;0.003537;0.026215;0.005307;0.000630,14
ads_74,46.639452;2.571606;29.933449;1.750160;56.429063;42.506695;60.279760;7.785549;38.337264;88.857111;83.411837;99.134853;20.998645;2.569539;57.385601;80.456230;41.860202;18.569739;49.032412;18.241178;93.331044;51.726383;10.987309;78.845459;81.342165;13.712491;93.572510;55.927141;41.597353;62.257966;60.728597;85.560207;12.533191;85.161540;19.701247;12.585961;26.122214;8.426543;33.493832;48.742131;28.981250;54.437345;17.142888;29.570873;79.020274;32.620370;45.891531;91.959093;78.622001;38.280236,0.006992;0.013435;0.016289;0.007172;0.011069;0.040467;0.012985;0.054954;0.008822;0.015715;0.015496;0.002855;0.002314;0.045720;0.015865;0.013061;0.013732;0.007842;0.002978;0.002545;0.013705;0.003933;0.013657;0.012217;0.061276;0.007114;0.003770;0.015977;0.213696;0.015827;0.006325;0.004043;0.005741;0.013129;0.009684;0.046897;0.011711;0.003311;0.010594;0.006144;0.070239;0.003405;0.016261;0.062648;0.001596;0.016011;0.014566;0.003465;0.016342;0.006407,12
ads_75,2.912081;0.412039;84.329933;70.633703;31.538544;13.399535;96.940772;79.709717;5.827421;11.531200;21.786075;79.588102;21.084903;45.620802;85.523744;5.630965;45.866555;59.129686;47.865044;52.840160;94.059796;88.457952;57.877719;6.345908;24.099625;75.170862;70.504556;10.719705;34.713798;2.756815;29.459184;55.175879;28.696128;86.734540;57.230013;67.835803;11.994821;7.915883;27.067073;53.618067;28.282573;73.285214;68.037620;30.117342;71.861766;14.568202;41.302229;83.902258;76.885898;38.300332,0.009053;0.001779;0.013818;0.013659;0.047836;0.009763;0.012138;0.034406;0.012188;0.009992;0.007170;0.012067;0.002944;0.001192;0.006586;0.000088;0.004363;0.002169;0.000077;0.007930;0.046819;0.004096;0.011648;0.000098;0.009936;0.006084;0.005366;0.086914;0.079526;0.069030;0.002101;0.091358;0.011436;0.004607;0.008192;0.072834;0.004796;0.167253;0.002301;0.011038;0.008156;0.005678;0.011231;0.013938;0.007908;0.012706;0.008764;0.013105;0.010142;0.003724,24
ads_76,23.692685;17.970696;49.093072;26.425781;68.443311;45.780555;87.241271;1.189353;65.160992;63.932508;59.434443;81.631966;27.670322;91.434937;61.143735;86.067013;70.331808;20.509637;39.850184;45.954641;95.718070;13.642682;97.940164;14.701118;22.031745;77.065942;43.058632;62.422520;56.624784;28.640179;43.973671;67.301327;33.041871;91.768139;38.234401;55.712066;18.514223;31.877137;52.200023;92.944583;8.983931;13.901717;86.622858;84.821838;51.012170;32.338550;21.657658;94.881754;20.503643;49.185650,0.001392;0.015201;0.010936;0.014363;0.009471;0.011126;0.000532;0.015932;0.000329;0.203000;0.060128;0.011824;0.156800;0.015306;0.001289;0.012284;0.008914;0.007353;0.005925;0.015499;0.016040;0.003100;0.013552;0.015793;0.012016;0.007584;0.013900;0.011947;0.007391;0.044427;0.012520;0.016100;0.003998;0.006179;0.010830;0.009322;0.006942;0.000882;0.007480;0.004588;0.004386;0.009205;0.015095;0.006894;0.013501;0.001544;0.055134;0.088096;0.003574;0.000377,19
ads_77,18.919177;37.076178;77.952283;30.742468;59.034228;36.874674;78.538303;61.502408;85.258703;1.460926;47.516510;17.078720;46.109002;4.770126;75.108233;85.590202;1.191131;90.170990;16.670382;39.604750;22.538844;91.885333;60.186934;69.013885;28.222817;91.343007;36.184269;73.776467;58.845181;99.614979;92.714130;36.102868;2.399298;47.037506;84.638854;42.221755;37.203711;93.606533;13.831203;82.612068;43.734130;17.425296;82.667591;54.795094;46.773954;65.122673;11.958240;72.544306;36.728426;1.239361,0.008689;0.006168;0.190861;0.003372;0.046597;0.012215;0.002626;0.012021;0.010471;0.000083;0.001704;0.004583;0.010252;0.002664;0.008599;0.008752;0.010778;0.007622;0.011197;0.003905;0.006055;0.004703;0.011325;0.004072;0.213079;0.006135;0.012606;0.009787;0.000431;0.033549;0.009039;0.012482;0.006099;0.012238;0.004721;0.072453;0.003873;0.010910;0.004930;0.041337;0.040081;0.066889;0.003094;0.011317;0.006903;0.003548;0.003178;0.007404;0.011076;0.003527,28
ads_78,19.056083;24.478854;52.335432;69.853314;10.995298;8.695095;75.050360;82.691955;32.421071;27.952367;86.047439;65.412156;62.371869;66.371943;54.401767;7.630508;7.778587;65.891722;37.808273;11.071909;51.701337;49.828486;1.250562;58.682171;14.796333;7.055724;16.796146;34.140398;20.062415;75.668661;68.260269;40.832983;46.355137;21.191922;33.406345;31.100412;97.221455;95.839407;6.370938;42.585353;59.252659;6.546732;77.857677;21.021064;83.747183;82.105433;18.085686;39.429211;6.176179;1.994251,0.007441;0.007249;0.006805;0.010382;0.008205;0.001806;0.027483;0.002785;0.003624;0.010020;0.006414;0.011606;0.002802;0.002727;0.008324;0.009801;0.011007;0.000860;0.010919;0.002496;0.008157;0.193186;0.004433;0.070547;0.000247;0.010599;0.011471;0.004411;0.064646;0.007969;0.003813;0.008634;0.192801;0.001633;0.004594;0.007351;0.010475;0.010819;0.009800;0.011567;0.027253;0.009931;0.006016;0.004387;0.057971;0.043146;0.043096;0.001516;0.011863;0.004913,10
ads_79,88.698767;16.797194;61.101342;74.043820;52.355815;91.086277;49.656237;98.096258;67.487326;29.825490;90.691674;78.833081;9.503273;48.176303;16.523040;5.587375;10.927111;0.328232;75.769123;27.575146;52.070274;79.260751;22.924290;22.947033;52.801528;42.040005;84.466292;68.132653;40.769235;63.545915;62.349402;16.070507;10.717329;82.990247;49.598406;78.262830;27.895725;56.876432;10.440223;68.692121;10.596948;43.087171;96.687756;52.564169;71.603966;94.828709;26.001774;36.314726;20.960839;70.164324,0.010065;0.011420;0.060754;0.010399;0.031887;0.008812;0.012463;0.010614;0.009014;0.009875;0.003260;0.003731;0.074203;0.078660;0.013482;0.010805;0.005589;0.006059;0.000836;0.006377;0.003613;0.001103;0.001533;0.000868;0.054779;0.001297;0.007212;0.003895;0.011625;0.044064;0.063760;0.002402;0.004793;0.013621;0.011865;0.002437;0.006474;0.068985;0.008044;0.004178;0.164675;0.011799;0.011404;0.001333;0.005968;0.009431;0.002809;0.007511;0.079779;0.010433,10
ads_80,27.040373;83.078865;39.819671;94.234627;87.703471;64.717261;3.512509;77.177119;95.445109;12.511135;24.715766;59.030924;80.594575;91.850435;99.544842;3.092629;74.234073;44.988557;32.542308;9.635218;74.547002;84.033284;92.764364;67.957375;63.511823;29.196223;28.635650;86.955649;78.083362;26.347371;30.379978;40.144149;56.606694;85.281159;85.367005;3.515991;34.219752;22.662225;14.937495;6.407835;75.751428;76.415040;23.462879;96.482664;89.410822;86.816223;93.128513;48.458023;99.980510;25.245575,0.182654;0.011829;0.002423;0.013545;0.074783;0.014820;0.005743;0.002185;0.008358;0.009181;0.003899;0.001712;0.017967;0.075041;0.020888;0.012005;0.020564;0.016622;0.011316;0.004815;0.001680;0.012736;0.006256;0.012505;0.000502;0.018879;0.015826;0.010454;0.020642;0.005710;0.006369;0.019808;0.000754;0.018477;0.006403;0.015067;0.010341;0.012024;0.015113;0.012130;0.011152;0.068308;0.001864;0.019175;0.123209;0.002566;0.013392;0.019136;0.007195;0.001979,15
ads_81,71.464724;8.507450;5.678076;7.513449;39.082591;95.890334;35.800062;82.971944;67.168188;32.402239;48.192893;22.533464;81.712264;71.664640;62.959260;25.893692;30.252015;93.916813;26.448650;74.341184;70.201722;6.764879;96.284803;29.031714;45.309728;36.755443;83.873875;15.718005;86.001163;69.299971;91.040654;45.702233;25.912104;26.644439;41.995564;48.547255;44.398502;85.107573;19.330294;34.647924;30.470981;63.476840;17.720071;98.949594;83.071631;65.585931;42.336112;59.450940;61.239104;22.027266,0.009072;0.011069;0.001241;0.000263;0.001249;0.015021;0.008388;0.005234;0.003320;0.008711;0.011090;0.005556;0.046920;0.009737;0.002447;0.003233;0.003018;0.008408;0.008186;0.056813;0.012549;0.010926;0.008068;0.002350;0.080322;0.014956;0.048830;0.001205;0.215317;0.006927;0.013340;0.000563;0.052088;0.009903;0.010209;0.005497;0.005392;0.000732;0.012027;0.006443;0.005036;0.006945;0.001534;0.001337;0.201112;0.002017;0.013486;0.009423;0.013000;0.009491,17
ads_82,27.912183;95.954214;11.524381;35.719385;4.072253;86.378877;55.032977;82.880561;62.813186;66.549816;65.469847;83.159400;55.108492;96.104942;26.463569;15.182248;71.943965;32.092410;53.204113;89.979438;28.152159;7.462562;68.996289;86.478047;4.855770;16.881123;79.396296;45.777000;21.349731;26.552741;6.102540;96.514454;98.992225;41.101648;51.340471;37.244757;11.888482;27.651124;10.007671;37.833606;87.492644;71.120609;17.466235;60.087656;95.378605;31.796798;45.834947;7.269570;82.238482;35.593095,0.010318;0.076594;0.002159;0.011072;0.014093;0.011465;0.082915;0.002618;0.010636;0.001669;0.005935;0.006504;0.012754;0.005461;0.007196;0.007278;0.005901;0.009033;0.008259;0.013745;0.073873;0.076221;0.063117;0.011578;0.031125;0.007837;0.222229;0.005876;0.005624;0.001313;0.000267;0.001653;0.008190;0.007510;0.012219;0.007664;0.005756;0.009499;0.013594;0.008854;0.000934;0.002410;0.001056;0.006428;0.000297;0.079018;0.014444;0.013233;0.000863;0.001713,27
ads_83,15.911939;42.926043;28.678724;7.733900;47.342815;69.837344;11.478913;92.697530;71.516316;25.528354;31.956801;41.129251;38.592247;93.952671;56.002632;8.084668;83.175904;29.242058;97.146996;47.864970;3.847267;5.765899;71.381191;21.852505;89.519733;16.768791;89.307782;87.792412;57.205323;81.219102;29.320008;40.208441;9.627543;90.451237;69.702660;69.249070;25.957556;51.106768;0.732847;63.332598;83.371033;55.231262;3.546587;70.255413;30.564694;48.148354;35.295124;36.392751;65.309305;92.930984,0.006164;0.092802;0.006973;0.039447;0.002571;0.072741;0.005450;0.003970;0.006596;0.002700;0.009894;0.086609;0.008249;0.001326;0.015964;0.010725;0.011690;0.002449;0.001347;0.016174;0.007561;0.013554;0.000309;0.012477;0.011787;0.011906;0.013533;0.012802;0.138953;0.013307;0.014462;0.012127;0.012473;0.013248;0.011878;0.009804;0.013989;0.011462;0.005573;0.005901;0.016173;0.093261;0.002621;0.082220;0.014915;0.013561;0.013028;0.006501;0.000808;0.005964,20
ads_84,74.906162;89.361019;59.563577;17.226573;14.250868;10.409057;54.899000;27.499738;91.913880;13.447126;2.848830;20.904944;79.282986;18.774610;52.171954;53.885314;16.571603;18.733520;40.895509;99.135686;37.079804;89.680800;27.141283;78.426453;75.076904;32.447843;83.820625;90.927408;26.652546;78.352100;52.433580;64.575288;96.285847;97.646763;32.196297;71.615100;85.494969;83.770679;51.601573;89.494490;85.107052;40.344591;84.776853;87.204149;32.434181;38.550691;89.064359;53.747346;50.660638;58.080249,0.005587;0.005068;0.095423;0.006865;0.013550;0.012812;0.016634;0.007304;0.064395;0.003403;0.001814;0.014729;0.157571;0.012338;0.014101;0.012530;0.009013;0.008378;0.011486;0.015214;0.003824;0.005708;0.016749;0.048837;0.002069;0.009905;0.011838;0.015680;0.009166;0.039901;0.000271;0.040070;0.002617;0.007161;0.005463;0.002020;0.005287;0.007360;0.014500;0.008291;0.004528;0.004073;0.090320;0.012837;0.011518;0.098440;0.009653;0.002723;0.006123;0.014855,22
ads_85,8.845898;75.809071;51.818178;46.292499;17.321946;66.073928;3.465394;68.734050;63.426882;13.114434;90.990064;34.551974;67.769294;75.868141;30.047541;89.605765;17.788394;0.551790;55.657917;17.833213;33.112033;67.538130;45.522889;36.759886;40.816094;79.435820;71.749568;66.641603;5.667230;58.037680;22.418235;27.115196;4.344118;53.617264;60.050575;94.502051;95.517217;93.162379;0.512284;77.667075;82.329176;68.038608;21.055759;13.043011;72.883367;29.501886;69.932620;6.363582;36.003977;82.646681,0.008277;0.010529;0.073448;0.004035;0.005717;0.011124;0.007008;0.028537;0.008391;0.005189;0.000538;0.005712;0.004576;0.006942;0.009138;0.009164;0.061837;0.007698;0.000058;0.036168;0.003519;0.001516;0.004167;0.058379;0.004208;0.182961;0.004967;0.006919;0.000130;0.012394;0.001781;0.003203;0.011724;0.010903;0.067877;0.010887;0.000384;0.008072;0.006671;0.004697;0.002047;0.008931;0.009777;0.003703;0.013330;0.008226;0.040768;0.192311;0.004825;0.006637,5
ads_86,94.481561;64.689341;25.429543;95.914394;44.440306;74.902100;68.593060;88.439459;87.107958;83.830873;37.346705;86.612166;34.630401;12.140920;53.252169;81.284809;94.152139;68.312985;17.485546;99.232226;32.858645;19.387313;20.484845;52.459102;45.825956;41.852296;86.618076;50.897596;38.226235;43.458549;71.420587;52.785026;77.841278;17.125951;21.453072;8.014489;53.693277;12.146083;98.882804;73.213389;78.368417;70.492695;13.779960;16.140122;28.549266;51.630397;46.584655;11.874055;38.910813;12.873881,0.008588;0.002795;0.077966;0.009096;0.013736;0.014481;0.008830;0.013766;0.007584;0.001599;0.017022;0.000406;0.010744;0.009608;0.012262;0.082588;0.002301;0.000753;0.012029;0.007594;0.065373;0.005892;0.018524;0.016414;0.005637;0.015559;0.009756;0.015940;0.001372;0.013863;0.016687;0.010428;0.060698;0.009727;0.015451;0.005872;0.015903;0.015965;0.004036;0.016968;0.000004;0.018262;0.017681;0.014292;0.018687;0.000841;0.011173;0.209827;0.007832;0.047585,13
ads_87,57.794161;12.135703;67.021367;29.217118;47.329238;7.240887;45.463248;82.045382;17.591437;27.827780;8.920940;92.344365;97.496095;11.413737;39.845238;28.674841;96.847518;11.522641;28.712815;32.886301;0.626937;48.366540;92.219204;66.236941;44.068143;8.653303;70.781060;49.342845;63.134337;29.358787;92.483372;44.215604;88.154165;57.380609;42.932854;61.419933;74.142539;29.045090;64.605958;17.560682;37.916502;54.585768;96.909059;80.240421;23.019641;64.832847;0.289406;60.367244;29.330112;87.224640,0.009125;0.008601;0.008082;0.039791;0.015035;0.250552;0.008466;0.077869;0.006354;0.004229;0.010862;0.097749;0.015427;0.005339;0.015385;0.010332;0.009185;0.011098;0.015391;0.008335;0.008417;0.015937;0.000142;0.014435;0.071103;0.003745;0.005598;0.005301;0.003595;0.015468;0.000207;0.003040;0.033330;0.013780;0.004660;0.066922;0.000492;0.014163;0.002558;0.002318;0.015364;0.000985;0.011392;0.006631;0.000714;0.003961;0.015634;0.014425;0.002661;0.015816,9
ads_88,34.407541;39.868917;82.256328;24.426128;19.430276;96.183726;88.985289;40.263459;8.440162;25.851369;91.713959;23.963384;36.862057;26.894345;99.573213;38.538258;45.554130;59.463598;51.216592;44.496646;4.374034;8.191922;20.350989;10.378705;65.833999;74.737157;74.606725;99.088505;77.258178;86.024488;27.093013;31.930180;60.696629;74.770522;66.301955;72.569074;38.487258;50.085220;99.390917;5.141264;10.269971;28.135301;86.557164;86.636456;70.117080;9.514925;20.187686;18.355074;14.475877;75.791386,0.004793;0.003945;0.005951;0.001456;0.008430;0.040685;0.076542;0.040473;0.009459;0.007571;0.004241;0.000037;0.042537;0.069412;0.011372;0.010977;0.014418;0.005331;0.006388;0.007964;0.008945;0.003135;0.011616;0.061793;0.079264;0.004357;0.013787;0.003892;0.009646;0.059804;0.001880;0.006280;0.003688;0.000609;0.012423;0.009337;0.010620;0.011201;0.012172;0.013780;0.037270;0.010138;0.004889;0.123412;0.083631;0.006224;0.006974;0.003022;0.005575;0.008654,17
ads_89,41.429627;85.809105;57.065330;3.786492;70.713930;90.975155;66.763015;84.609630;36.725457;91.832721;28.283252;67.496381;53.048698;6.415505;34.501167;62.921890;52.173352;22.723997;10.984193;41.392311;22.992014;24.916345;97.325795;64.118900;30.303388;3.022717;93.218627;36.886304;75.101155;74.664506;29.811336;82.238307;22.259617;20.331728;19.895811;88.041294;22.487296;63.790991;3.456421;40.629482;14.589761;55.430263;71.792916;62.562488;53.520001;97.573379;90.394818;49.954245;47.197538;16.575227,0.070853;0.004051;0.006158;0.001395;0.012753;0.003463;0.005891;0.010019;0.073094;0.002987;0.000049;0.010828;0.207834;0.000246;0.000359;0.059290;0.003393;0.062747;0.011672;0.005160;0.007747;0.006115;0.045754;0.128548;0.002150;0.000305;0.001542;0.001599;0.000811;0.002959;0.000068;0.001710;0.008384;0.013171;0.006084;0.001298;0.011845;0.000916;0.001290;0.000604;0.013285;0.043195;0.065663;0.007858;0.003636;0.005743;0.031953;0.011535;0.011591;0.010398,19
ads_90,85.061778;86.963179;39.809295;10.644944;74.747074;93.066914;21.714497;8.254881;68.987610;76.970500;88.805698;84.253142;21.764178;80.518067;99.552459;92.591237;79.819354;51.026199;78.734858;90.850826;72.529465;75.421963;15.184282;2.290319;75.914001;43.434797;56.583167;79.230564;80.124420;88.302599;91.544906;5.308013;89.216088;94.245009;21.216313;74.305210;67.254807;25.487190;30.559085;49.637148;50.727224;2.398590;58.449311;29.637455;51.353668;61.273916;37.006687;62.403207;18.200619;52.956097,0.005695;0.039036;0.197967;0.012148;0.002184;0.003212;0.052360;0.006243;0.004296;0.000873;0.010503;0.011564;0.004999;0.011926;0.009308;0.012854;0.008154;0.007354;0.004838;0.014106;0.007278;0.051867;0.083643;0.042310;0.011787;0.046857;0.007910;0.010757;0.013464;0.081878;0.012650;0.000975;0.001510;0.007667;0.002529;0.009522;0.030817;0.011263;0.005018;0.009047;0.003857;0.004544;0.012023;0.007913;0.011017;0.001207;0.000103;0.012653;0.071271;0.007043,12
ads_91,57.516467;7.029620;46.800009;91.683019;76.321569;17.354555;19.552904;32.832446;59.009414;22.048120;33.102786;50.118665;45.726677;12.442592;20.727298;48.842381;30.614401;31.440528;70.124322;25.793297;38.884445;56.715039;2.709151;78.755131;13.373364;26.610457;3.197779;92.858352;12.405708;85.022223;2.578595;90.972649;4.325859;34.173777;30.994593;39.563187;68.051807;84.416296;47.477006;25.623060;5.294380;86.027528;86.644264;64.248250;96.038648;41.984117;34.354551;55.702398;61.054882;91.737258,0.012678;0.002057;0.012943;0.000143;0.002535;0.012409;0.002351;0.000921;0.076651;0.011959;0.001280;0.010430;0.001024;0.001071;0.006162;0.009224;0.000786;0.013415;0.009048;0.009390;0.011874;0.012206;0.012744;0.070426;0.001668;0.087392;0.007871;0.011965;0.006892;0.004782;0.008460;0.014521;0.002748;0.002326;0.001960;0.007258;0.000459;0.069511;0.011296;0.245946;0.003376;0.007366;0.001218;0.014604;0.071379;0.007615;0.014736;0.001054;0.043171;0.046701,10
ads_92,25.560070;45.768146;71.664895;84.414757;82.461704;19.149330;46.410754;42.424471;88.679040;44.203371;0.261001;58.105288;87.596769;96.879474;61.052200;48.775612;66.373726;18.818564;14.013693;15.782514;76.739631;95.984548;79.148978;23.120326;61.729034;96.817549;51.487320;57.090925;40.302448;84.946427;90.793505;85.242600;98.531089;91.841790;93.432390;21.689629;71.398973;50.387286;63.087468;78.540753;72.812987;39.578542;85.208672;84.833601;73.104640;76.705997;1.596077;34.236960;96.093863;22.618802,0.003039;0.003962;0.003808;0.032542;0.012463;0.008046;0.007618;0.208493;0.014229;0.010259;0.006685;0.002053;0.010918;0.000524;0.014610;0.010258;0.002163;0.012285;0.007053;0.005258;0.009005;0.014749;0.005951;0.014672;0.012454;0.003089;0.003129;0.000673;0.001442;0.004110;0.008044;0.014706;0.013784;0.065375;0.013458;0.008754;0.047034;0.070727;0.060388;0.008910;0.011490;0.013358;0.008587;0.004441;0.165560;0.005102;0.012456;0.007210;0.010923;0.004154,14
ads_93,89.835468;52.930132;90.808946;39.030732;38.383915;59.895181;91.037333;99.991861;44.043622;68.678757;22.008131;17.062963;84.044882;57.353223;72.734993;53.977992;82.744332;84.203504;64.144970;51.974958;6.090477;66.209365;22.755232;72.094398;75.103320;17.150355;54.101188;90.619399;47.524046;42.753572;79.601675;48.506916;71.835714;34.480924;39.476821;0.118248;31.698131;22.561319;62.054733;76.943594;88.077888;38.503905;20.955888;60.178808;60.387330;10.876069;22.115005;62.027339;74.556432;51.783563,0.001303;0.011734;0.004225;0.009976;0.011188;0.011664;0.006374;0.002760;0.072298;0.010919;0.006447;0.001295;0.043876;0.005409;0.001806;0.011050;0.046037;0.012975;0.002013;0.009807;0.033043;0.043995;0.008126;0.149101;0.030950;0.012474;0.051717;0.003982;0.005700;0.002229;0.005987;0.041077;0.010139;0.009852;0.029864;0.007135;0.006092;0.005658;0.001845;0.006894;0.005976;0.003348;0.164979;0.009518;0.004870;0.043190;0.004586;0.011396;0.002383;0.000741,17
ads_94,21.940100;4.142572;6.743898;68.460627;65.857578;44.665923;54.792022;53.872885;30.784702;34.047064;48.607668;34.962025;74.468993;71.338509;63.977278;34.767458;64.946477;26.877645;50.288164;69.675990;92.771692;5.442354;33.597349;74.444836;11.214459;32.342451;10.403757;4.137780;81.955450;79.494239;34.728737;43.921419;36.464512;68.465850;62.825155;66.012428;65.173105;47.640942;46.626696;6.421817;7.212294;89.001039;0.825093;11.913414;84.406361;30.403811;30.140959;26.957453;9.405987;74.573367,0.003435;0.038723;0.003192;0.014225;0.008540;0.010242;0.006201;0.006428;0.077202;0.009006;0.226914;0.002310;0.003073;0.013447;0.001850;0.001838;0.008064;0.000038;0.058890;0.006953;0.078940;0.010687;0.078870;0.002726;0.046397;0.046021;0.008672;0.008978;0.010979;0.008518;0.013743;0.005169;0.011766;0.000295;0.044439;0.008262;0.010468;0.012342;0.005474;0.000317;0.005087;0.029335;0.002915;0.001502;0.007008;0.006169;0.007722;0.013728;0.001081;0.011817,15
ads_95,76.539412;12.200301;77.398910;76.229104;42.207127;19.674198;66.627664;63.511362;27.731524;75.137000;56.833476;1.590520;54.793729;86.147969;46.841672;50.312088;94.699212;35.719900;81.696908;36.397919;51.948278;60.594943;23.130899;80.594799;90.055817;22.804538;14.477248;74.044056;34.042467;36.142709;61.058211;81.107568;97.794524;54.158091;61.718890;29.211877;83.261007;89.471487;91.657948;94.167656;31.593565;90.307144;6.539021;38.407341;30.086389;1.527321;97.619490;16.760847;7.045427;45.016963,0.001623;0.174708;0.010545;0.005463;0.067727;0.007753;0.007064;0.001015;0.001879;0.009972;0.001045;0.005313;0.004340;0.043863;0.011681;0.003199;0.004086;0.002208;0.003836;0.009809;0.011904;0.024948;0.042183;0.010610;0.009122;0.008938;0.008551;0.008505;0.006073;0.025341;0.000957;0.067752;0.010749;0.010004;0.011171;0.001386;0.063529;0.102025;0.026806;0.054450;0.057598;0.010077;0.005691;0.011818;0.009946;0.010391;0.004609;0.001929;0.000063;0.005749,12
ads_96,47.894173;61.037871;42.081571;40.871681;75.062141;69.854827;28.239025;17.790979;96.978247;92.722216;33.845124;66.619166;24.971203;17.437740;23.591882;55.009383;58.064723;98.738791;88.663834;72.183550;46.493557;39.628019;79.219140;27.330399;85.211330;62.322252;43.523301;27.961882;82.045697;2.190578;45.548022;30.225185;40.816561;44.250588;74.343791;80.941175;0.998120;51.686273;98.385396;23.077280;44.402632;60.071395;81.598903;39.838331;86.874081;59.046732;42.753530;17.389934;65.195134;85.776327,0.007415;0.010988;0.002882;0.009540;0.015942;0.015822;0.014740;0.000904;0.007115;0.013939;0.004051;0.007051;0.013762;0.000750;0.004504;0.094179;0.012888;0.007127;0.018263;0.017133;0.013243;0.003820;0.004135;0.016602;0.012558;0.005702;0.002525;0.011291;0.011031;0.000604;0.011549;0.016368;0.018109;0.053567;0.017994;0.014905;0.006230;0.010573;0.040443;0.004036;0.061071;0.167401;0.000459;0.007562;0.008596;0.096641;0.005309;0.004953;0.002781;0.090947,22
ads_97,15.364218;73.253445;55.535853;58.167501;17.074964;46.927674;10.122882;63.179042;78.110757;51.723802;26.233298;13.849913;28.146584;73.809539;63.103679;91.287235;95.207375;57.254165;51.872924;32.807363;90.405995;8.215404;83.208804;78.770136;43.992930;96.977297;65.881491;69.416529;31.055838;16.712415;46.474252;6.541436;41.674436;82.542799;46.231028;52.850962;91.404128;4.907020;41.933667;26.781030;96.002136;61.453750;25.230261;61.754280;28.989906;77.857736;40.432078;48.541359;21.758026;88.783262,0.007565;0.009259;0.013756;0.038423;0.073844;0.001111;0.180633;0.015231;0.000740;0.011793;0.015301;0.000175;0.009662;0.014691;0.000525;0.005542;0.008185;0.010845;0.011534;0.001869;0.004125;0.007080;0.007312;0.011522;0.008969;0.065036;0.010924;0.067554;0.006011;0.014773;0.008814;0.088224;0.007326;0.012761;0.006585;0.003586;0.004297;0.011397;0.012877;0.003535;0.010769;0.091499;0.015395;0.003215;0.002369;0.000105;0.001421;0.077658;0.000697;0.003482,28
ads_98,59.368688;53.475670;28.179394;9.107080;72.219370;42.353632;43.076055;52.207518;66.865306;29.488800;98.848594;43.745308;44.365736;10.176699;10.899559;99.276124;22.118632;52.093428;70.583548;63.179604;49.436182;97.937175;77.939563;98.757924;78.957889;61.362949;81.921905;90.013153;50.030233;45.861088;49.528417;70.693621;92.151384;16.293769;3.143503;64.748698;24.963172;98.267329;38.623772;72.364137;70.661512;40.359359;32.276102;23.894455;48.668769;72.861955;9.412594;89.777491;39.629018;56.704639,0.011056;0.068697;0.011426;0.001923;0.007597;0.013363;0.001291;0.030291;0.000821;0.001029;0.000651;0.012792;0.009439;0.004017;0.000605;0.005889;0.010135;0.009823;0.013117;0.000739;0.014028;0.198873;0.010542;0.005969;0.002918;0.071226;0.005231;0.047327;0.054871;0.013846;0.005196;0.008150;0.056762;0.008105;0.040529;0.010476;0.003742;0.001890;0.000559;0.011682;0.031656;0.012020;0.009738;0.013603;0.075059;0.008626;0.006094;0.006257;0.001773;0.048552,19
ads_99,65.369644;88.280196;66.429629;42.829119;2.006337;66.897858;30.648984;48.703801;1.989201;80.005267;57.239926;39.005764;89.913519;87.386734;57.159264;21.330852;54.393846;53.722298;58.970768;94.543502;34.661854;96.579309;21.934988;97.777810;8.793178;51.283183;10.168343;14.316516;26.504924;91.102770;81.042086;92.386164;25.609494;64.640379;4.031267;0.539797;5.247852;8.521868;16.106566;23.486019;50.770594;52.061622;64.453834;33.345629;72.853019;21.042581;99.138772;20.976157;24.255253;38.601693,0.035579;0.013944;0.013542;0.008401;0.005856;0.001477;0.011952;0.005439;0.014000;0.013291;0.010955;0.010261;0.003346;0.000912;0.007313;0.003761;0.073306;0.082136;0.010074;0.007725;0.001157;0.009955;0.039792;0.032803;0.005869;0.014443;0.002813;0.010911;0.004817;0.013960;0.034376;0.009698;0.010499;0.006784;0.204281;0.014615;0.008437;0.048939;0.000553;0.008197;0.014006;0.009456;0.005844;0.063158;0.013998;0.001553;0.006090;0.012914;0.011302;0.045509,29
ads_100,16.492760;73.611736;69.517236;77.105801;97.133615;45.250242;64.408799;97.264692;10.921513;8.270147;16.049973;58.531918;60.617426;89.445284;79.620152;90.387987;12.287333;12.822442;3.776478;46.764675;65.209501;88.856672;79.946353;27.165393;42.225945;26.499091;52.739971;73.658882;79.479453;38.089061;13.369772;1.637988;62.530355;5.695883;59.382685;22.767662;16.058501;9.040578;72.850959;14.341174;77.339602;41.184999;36.880733;91.479463;19.025700;39.865670;66.492436;1.723222;37.950549;39.313030,0.006250;0.000929;0.011006;0.009879;0.011300;0.133757;0.002091;0.009998;0.028080;0.003648;0.067061;0.005556;0.006696;0.010077;0.007812;0.002484;0.007086;0.066410;0.009338;0.005112;0.003838;0.009880;0.011546;0.001634;0.007907;0.004881;0.060329;0.009094;0.002621;0.040567;0.009292;0.066318;0.001684;0.010471;0.165859;0.002819;0.008144;0.003865;0.008866;0.007276;0.011103;0.045003;0.011408;0.050047;0.004696;0.007944;0.010337;0.009014;0.004433;0.004552,22
